recording,site,year,month,day,hour,minute,species,songtype,x1,x2,y1,y2,frequency,validated,url,score,site_id
CR.NEam-2023-06-23_19-40.WAV,2023 Conaway Ranch NE,2023,6,23,19,40,Agelaius tricolor,Simple Call 2,16.10133362,16.49600029,375,21656,24000,present,https://rfcx-streams-production.s3.eu-west-1.amazonaws.com/2023/06/24/b93ajwqaf8gs/2464220e-4939-4d17-be34-3ab6cbe78c59.flac?X-Amz-Algorithm=AWS4-HMAC-SHA256&X-Amz-Content-Sha256=UNSIGNED-PAYLOAD&X-Amz-Credential=AKIA45B7YWBX5HAZMGOU%2F20260223%2Feu-west-1%2Fs3%2Faws4_request&X-Amz-Date=20260223T002700Z&X-Amz-Expires=604800&X-Amz-Signature=94dd158368b13bcd27b3398fe44141bbd4f52e028070c97bb1eacebc3c167cbd&X-Amz-SignedHeaders=host&response-content-disposition=attachment%3B%20filename%3D2464220e-4939-4d17-be34-3ab6cbe78c59.flac&x-id=GetObject,0.436267465,48474
CR.NEam-2023-06-23_20-20.WAV,2023 Conaway Ranch NE,2023,6,23,20,20,Agelaius tricolor,Simple Call 2,20.46933365,20.86400032,375,21656,24000,present,https://rfcx-streams-production.s3.eu-west-1.amazonaws.com/2023/06/24/b93ajwqaf8gs/deab8ebc-5d86-470f-8da3-6c1dd41c53bd.flac?X-Amz-Algorithm=AWS4-HMAC-SHA256&X-Amz-Content-Sha256=UNSIGNED-PAYLOAD&X-Amz-Credential=AKIA45B7YWBX5HAZMGOU%2F20260223%2Feu-west-1%2Fs3%2Faws4_request&X-Amz-Date=20260223T002700Z&X-Amz-Expires=604800&X-Amz-Signature=ceab284ea4d7cfd5e6943525236f8ee29135cf75568c08a0bc71881a5bcc1701&X-Amz-SignedHeaders=host&response-content-disposition=attachment%3B%20filename%3Ddeab8ebc-5d86-470f-8da3-6c1dd41c53bd.flac&x-id=GetObject,0.597377896,48474
CR.NEam-2023-06-24_09-00.WAV,2023 Conaway Ranch NE,2023,6,24,9,0,Agelaius tricolor,Simple Call 2,19.69599915,20.09066582,375,21656,24000,present,https://rfcx-streams-production.s3.eu-west-1.amazonaws.com/2023/06/24/b93ajwqaf8gs/23c865d4-413f-454c-89ca-e83fd332c6fe.flac?X-Amz-Algorithm=AWS4-HMAC-SHA256&X-Amz-Content-Sha256=UNSIGNED-PAYLOAD&X-Amz-Credential=AKIA45B7YWBX5HAZMGOU%2F20260223%2Feu-west-1%2Fs3%2Faws4_request&X-Amz-Date=20260223T002700Z&X-Amz-Expires=604800&X-Amz-Signature=b37ed99984608cbdf34d77845a413af6516d10e13d1e8df6eab9a61ee766106e&X-Amz-SignedHeaders=host&response-content-disposition=attachment%3B%20filename%3D23c865d4-413f-454c-89ca-e83fd332c6fe.flac&x-id=GetObject,0.46713382,48474
CR.NEam-2023-06-24_14-20.WAV,2023 Conaway Ranch NE,2023,6,24,14,20,Agelaius tricolor,Simple Call 2,31.22133255,31.61599922,375,21656,24000,present,https://rfcx-streams-production.s3.eu-west-1.amazonaws.com/2023/06/24/b93ajwqaf8gs/fde3e2fb-3241-4b94-ab5a-cf2d78866788.flac?X-Amz-Algorithm=AWS4-HMAC-SHA256&X-Amz-Content-Sha256=UNSIGNED-PAYLOAD&X-Amz-Credential=AKIA45B7YWBX5HAZMGOU%2F20260223%2Feu-west-1%2Fs3%2Faws4_request&X-Amz-Date=20260223T002700Z&X-Amz-Expires=604800&X-Amz-Signature=4268721520d6767b3f5f83965c209410c70accf0eda3084957672ad6d1e8897b&X-Amz-SignedHeaders=host&response-content-disposition=attachment%3B%20filename%3Dfde3e2fb-3241-4b94-ab5a-cf2d78866788.flac&x-id=GetObject,0.405634016,48474
CR.NEam-2023-06-25_09-40.WAV,2023 Conaway Ranch NE,2023,6,25,9,40,Agelaius tricolor,Simple Call 2,10.28800011,10.68266678,375,21656,24000,present,https://rfcx-streams-production.s3.eu-west-1.amazonaws.com/2023/06/25/b93ajwqaf8gs/1c9f9a13-f54a-4322-b177-c3804d1c8ad8.flac?X-Amz-Algorithm=AWS4-HMAC-SHA256&X-Amz-Content-Sha256=UNSIGNED-PAYLOAD&X-Amz-Credential=AKIA45B7YWBX5HAZMGOU%2F20260223%2Feu-west-1%2Fs3%2Faws4_request&X-Amz-Date=20260223T002700Z&X-Amz-Expires=604800&X-Amz-Signature=c7ce32107888d2eabbe3dc8bd44eb40a3a126eabd84b4ce72ff97984d3905ba1&X-Amz-SignedHeaders=host&response-content-disposition=attachment%3B%20filename%3D1c9f9a13-f54a-4322-b177-c3804d1c8ad8.flac&x-id=GetObject,0.607995689,48474
CR.NEam-2023-06-25_11-00.WAV,2023 Conaway Ranch NE,2023,6,25,11,0,Agelaius tricolor,Simple Call 2,9.157333374,9.552000046,375,21656,24000,present,https://rfcx-streams-production.s3.eu-west-1.amazonaws.com/2023/06/25/b93ajwqaf8gs/c3e7bd8d-4722-4ec7-8bcb-2f2409986d65.flac?X-Amz-Algorithm=AWS4-HMAC-SHA256&X-Amz-Content-Sha256=UNSIGNED-PAYLOAD&X-Amz-Credential=AKIA45B7YWBX5HAZMGOU%2F20260223%2Feu-west-1%2Fs3%2Faws4_request&X-Amz-Date=20260223T002700Z&X-Amz-Expires=604800&X-Amz-Signature=3bcd46c2b1bf190db9fafccaa80b6dfb8583be4a35c0718969bc4fc3f00ba9e9&X-Amz-SignedHeaders=host&response-content-disposition=attachment%3B%20filename%3Dc3e7bd8d-4722-4ec7-8bcb-2f2409986d65.flac&x-id=GetObject,0.582364619,48474
CR.NEam-2023-06-25_12-00.WAV,2023 Conaway Ranch NE,2023,6,25,12,0,Agelaius tricolor,Simple Call 2,11.74933338,12.14400005,375,21656,24000,present,https://rfcx-streams-production.s3.eu-west-1.amazonaws.com/2023/06/25/b93ajwqaf8gs/0838974e-4042-469e-b3ed-4f654b4017c1.flac?X-Amz-Algorithm=AWS4-HMAC-SHA256&X-Amz-Content-Sha256=UNSIGNED-PAYLOAD&X-Amz-Credential=AKIA45B7YWBX5HAZMGOU%2F20260223%2Feu-west-1%2Fs3%2Faws4_request&X-Amz-Date=20260223T002700Z&X-Amz-Expires=604800&X-Amz-Signature=dbd7d0e7d002e721152bfcfb4dc34738013f1ffbf4592e3500b83919b0949da7&X-Amz-SignedHeaders=host&response-content-disposition=attachment%3B%20filename%3D0838974e-4042-469e-b3ed-4f654b4017c1.flac&x-id=GetObject,0.549661934,48474
CR.NEam-2023-06-25_18-00.WAV,2023 Conaway Ranch NE,2023,6,25,18,0,Agelaius tricolor,Simple Call 2,12.46933365,12.86400032,375,21656,24000,present,https://rfcx-streams-production.s3.eu-west-1.amazonaws.com/2023/06/26/b93ajwqaf8gs/7114307a-2b26-4f8a-b2b1-a0df098a43d7.flac?X-Amz-Algorithm=AWS4-HMAC-SHA256&X-Amz-Content-Sha256=UNSIGNED-PAYLOAD&X-Amz-Credential=AKIA45B7YWBX5HAZMGOU%2F20260223%2Feu-west-1%2Fs3%2Faws4_request&X-Amz-Date=20260223T002700Z&X-Amz-Expires=604800&X-Amz-Signature=814b89b31d8837833c134dde5be6b16682c2e14e57c31416bd517522113a04e5&X-Amz-SignedHeaders=host&response-content-disposition=attachment%3B%20filename%3D7114307a-2b26-4f8a-b2b1-a0df098a43d7.flac&x-id=GetObject,0.523893476,48474
CR.NEam-2023-06-26_07-20.WAV,2023 Conaway Ranch NE,2023,6,26,7,20,Agelaius tricolor,Simple Call 2,38.41600037,38.81066513,375,21656,24000,present,https://rfcx-streams-production.s3.eu-west-1.amazonaws.com/2023/06/26/b93ajwqaf8gs/5be8ce51-ba50-48d5-9adf-731e97af76a7.flac?X-Amz-Algorithm=AWS4-HMAC-SHA256&X-Amz-Content-Sha256=UNSIGNED-PAYLOAD&X-Amz-Credential=AKIA45B7YWBX5HAZMGOU%2F20260223%2Feu-west-1%2Fs3%2Faws4_request&X-Amz-Date=20260223T002700Z&X-Amz-Expires=604800&X-Amz-Signature=8fce7a97b0332ea6861acf29a5b8d136e6bb54b3296685f5705e50d220345869&X-Amz-SignedHeaders=host&response-content-disposition=attachment%3B%20filename%3D5be8ce51-ba50-48d5-9adf-731e97af76a7.flac&x-id=GetObject,0.402136207,48474
CR.NEam-2023-06-26_08-40.WAV,2023 Conaway Ranch NE,2023,6,26,8,40,Agelaius tricolor,Simple Call 2,45.11466599,45.50933456,375,21656,24000,present,https://rfcx-streams-production.s3.eu-west-1.amazonaws.com/2023/06/26/b93ajwqaf8gs/3fb72a72-5f99-47fe-bc96-3bc6250c916e.flac?X-Amz-Algorithm=AWS4-HMAC-SHA256&X-Amz-Content-Sha256=UNSIGNED-PAYLOAD&X-Amz-Credential=AKIA45B7YWBX5HAZMGOU%2F20260223%2Feu-west-1%2Fs3%2Faws4_request&X-Amz-Date=20260223T002700Z&X-Amz-Expires=604800&X-Amz-Signature=92be4a97e7f190a28ff6f8355d4d883c480d71ac93ed80e338472fdb2fad6b5f&X-Amz-SignedHeaders=host&response-content-disposition=attachment%3B%20filename%3D3fb72a72-5f99-47fe-bc96-3bc6250c916e.flac&x-id=GetObject,0.560631931,48474
CR.NEam-2023-06-26_10-00.WAV,2023 Conaway Ranch NE,2023,6,26,10,0,Agelaius tricolor,Simple Call 2,52.77866745,53.17333221,375,21656,24000,present,https://rfcx-streams-production.s3.eu-west-1.amazonaws.com/2023/06/26/b93ajwqaf8gs/d0e6e79d-f007-477d-863b-3c01d45f11e1.flac?X-Amz-Algorithm=AWS4-HMAC-SHA256&X-Amz-Content-Sha256=UNSIGNED-PAYLOAD&X-Amz-Credential=AKIA45B7YWBX5HAZMGOU%2F20260223%2Feu-west-1%2Fs3%2Faws4_request&X-Amz-Date=20260223T002700Z&X-Amz-Expires=604800&X-Amz-Signature=58c86214caa00d611da00f0195145ec03965ff5545c8dd23d158d7b05cfc776f&X-Amz-SignedHeaders=host&response-content-disposition=attachment%3B%20filename%3Dd0e6e79d-f007-477d-863b-3c01d45f11e1.flac&x-id=GetObject,0.498278975,48474
CR.NEam-2023-06-26_11-20.WAV,2023 Conaway Ranch NE,2023,6,26,11,20,Agelaius tricolor,Simple Call 2,34.33599854,34.73066711,375,21656,24000,present,https://rfcx-streams-production.s3.eu-west-1.amazonaws.com/2023/06/26/b93ajwqaf8gs/7771cadf-76fe-4a99-af39-2d871a8310d8.flac?X-Amz-Algorithm=AWS4-HMAC-SHA256&X-Amz-Content-Sha256=UNSIGNED-PAYLOAD&X-Amz-Credential=AKIA45B7YWBX5HAZMGOU%2F20260223%2Feu-west-1%2Fs3%2Faws4_request&X-Amz-Date=20260223T002700Z&X-Amz-Expires=604800&X-Amz-Signature=502829053b033d7b2ffce1c8079501a40790ee373895022f65bafc9472c110e1&X-Amz-SignedHeaders=host&response-content-disposition=attachment%3B%20filename%3D7771cadf-76fe-4a99-af39-2d871a8310d8.flac&x-id=GetObject,0.613238335,48474
CR.NEam-2023-06-26_14-00.WAV,2023 Conaway Ranch NE,2023,6,26,14,0,Agelaius tricolor,Simple Call 2,27.69599915,28.09066582,375,21656,24000,present,https://rfcx-streams-production.s3.eu-west-1.amazonaws.com/2023/06/26/b93ajwqaf8gs/7b7d9eda-2510-4cb4-995d-51a64d4b1f24.flac?X-Amz-Algorithm=AWS4-HMAC-SHA256&X-Amz-Content-Sha256=UNSIGNED-PAYLOAD&X-Amz-Credential=AKIA45B7YWBX5HAZMGOU%2F20260223%2Feu-west-1%2Fs3%2Faws4_request&X-Amz-Date=20260223T002700Z&X-Amz-Expires=604800&X-Amz-Signature=a901680c39282d64b81eb376433c7960bba770325089acf7556e973c835c92a7&X-Amz-SignedHeaders=host&response-content-disposition=attachment%3B%20filename%3D7b7d9eda-2510-4cb4-995d-51a64d4b1f24.flac&x-id=GetObject,0.596779883,48474
CR.NEam-2023-06-26_14-20.WAV,2023 Conaway Ranch NE,2023,6,26,14,20,Agelaius tricolor,Simple Call 2,53.87200165,54.26666641,375,21656,24000,present,https://rfcx-streams-production.s3.eu-west-1.amazonaws.com/2023/06/26/b93ajwqaf8gs/6ce35658-d320-403d-ab68-36600fcb1deb.flac?X-Amz-Algorithm=AWS4-HMAC-SHA256&X-Amz-Content-Sha256=UNSIGNED-PAYLOAD&X-Amz-Credential=AKIA45B7YWBX5HAZMGOU%2F20260223%2Feu-west-1%2Fs3%2Faws4_request&X-Amz-Date=20260223T002700Z&X-Amz-Expires=604800&X-Amz-Signature=48c7dc86f677ce99621224fd6bcb52a625a2a305f9ee81d446e1088126144c6b&X-Amz-SignedHeaders=host&response-content-disposition=attachment%3B%20filename%3D6ce35658-d320-403d-ab68-36600fcb1deb.flac&x-id=GetObject,0.597768188,48474
CR.NEam-2023-06-26_15-00.WAV,2023 Conaway Ranch NE,2023,6,26,15,0,Agelaius tricolor,Simple Call 2,23.80800056,24.20266724,375,21656,24000,present,https://rfcx-streams-production.s3.eu-west-1.amazonaws.com/2023/06/26/b93ajwqaf8gs/2fbe8b0f-bf55-4ac0-8e94-96ee9fcb6759.flac?X-Amz-Algorithm=AWS4-HMAC-SHA256&X-Amz-Content-Sha256=UNSIGNED-PAYLOAD&X-Amz-Credential=AKIA45B7YWBX5HAZMGOU%2F20260223%2Feu-west-1%2Fs3%2Faws4_request&X-Amz-Date=20260223T002700Z&X-Amz-Expires=604800&X-Amz-Signature=c0debf95867995f4048459c2e9de3e5747a3ce723b28abd6fb01047fbe97cf40&X-Amz-SignedHeaders=host&response-content-disposition=attachment%3B%20filename%3D2fbe8b0f-bf55-4ac0-8e94-96ee9fcb6759.flac&x-id=GetObject,0.623248756,48474
CR.NEam-2023-06-26_15-20.WAV,2023 Conaway Ranch NE,2023,6,26,15,20,Agelaius tricolor,Simple Call 2,53.01866531,53.41333389,375,21656,24000,present,https://rfcx-streams-production.s3.eu-west-1.amazonaws.com/2023/06/26/b93ajwqaf8gs/ee167d6f-c731-4246-ba55-1e5e9a727106.flac?X-Amz-Algorithm=AWS4-HMAC-SHA256&X-Amz-Content-Sha256=UNSIGNED-PAYLOAD&X-Amz-Credential=AKIA45B7YWBX5HAZMGOU%2F20260223%2Feu-west-1%2Fs3%2Faws4_request&X-Amz-Date=20260223T002700Z&X-Amz-Expires=604800&X-Amz-Signature=140f62dd315e306a5af9f5a634fbf7aefcdc9e07ffbc5f97eaa70f2c5cd77786&X-Amz-SignedHeaders=host&response-content-disposition=attachment%3B%20filename%3Dee167d6f-c731-4246-ba55-1e5e9a727106.flac&x-id=GetObject,0.474834174,48474
CR.NEam-2023-06-26_15-40.WAV,2023 Conaway Ranch NE,2023,6,26,15,40,Agelaius tricolor,Simple Call 2,51.54133224,51.93600082,375,21656,24000,present,https://rfcx-streams-production.s3.eu-west-1.amazonaws.com/2023/06/26/b93ajwqaf8gs/ddae66ba-32ce-4048-8a47-d1c5a8e67b89.flac?X-Amz-Algorithm=AWS4-HMAC-SHA256&X-Amz-Content-Sha256=UNSIGNED-PAYLOAD&X-Amz-Credential=AKIA45B7YWBX5HAZMGOU%2F20260223%2Feu-west-1%2Fs3%2Faws4_request&X-Amz-Date=20260223T002700Z&X-Amz-Expires=604800&X-Amz-Signature=aad6b9bf1a3ba46f0f678af7677c988168e8c6a0cc4d63ad07c0838b501ad7e0&X-Amz-SignedHeaders=host&response-content-disposition=attachment%3B%20filename%3Dddae66ba-32ce-4048-8a47-d1c5a8e67b89.flac&x-id=GetObject,0.611188054,48474
CR.NEam-2023-06-26_19-20.WAV,2023 Conaway Ranch NE,2023,6,26,19,20,Agelaius tricolor,Simple Call 2,47.41866684,47.8133316,375,21656,24000,present,https://rfcx-streams-production.s3.eu-west-1.amazonaws.com/2023/06/27/b93ajwqaf8gs/6ad987fd-d636-4cb6-8935-b06f4a369bce.flac?X-Amz-Algorithm=AWS4-HMAC-SHA256&X-Amz-Content-Sha256=UNSIGNED-PAYLOAD&X-Amz-Credential=AKIA45B7YWBX5HAZMGOU%2F20260223%2Feu-west-1%2Fs3%2Faws4_request&X-Amz-Date=20260223T002700Z&X-Amz-Expires=604800&X-Amz-Signature=6fb64495f6ad2f3354434679c0f9234815e8c9e1099d7c23177aed037ea0497c&X-Amz-SignedHeaders=host&response-content-disposition=attachment%3B%20filename%3D6ad987fd-d636-4cb6-8935-b06f4a369bce.flac&x-id=GetObject,0.581573248,48474
CR.NEam-2023-06-27_11-00.WAV,2023 Conaway Ranch NE,2023,6,27,11,0,Agelaius tricolor,Simple Call 2,13.27999973,13.6746664,375,21656,24000,present,https://rfcx-streams-production.s3.eu-west-1.amazonaws.com/2023/06/27/b93ajwqaf8gs/eb25f1e5-d5a5-4fb2-810c-74d60d8fa1af.flac?X-Amz-Algorithm=AWS4-HMAC-SHA256&X-Amz-Content-Sha256=UNSIGNED-PAYLOAD&X-Amz-Credential=AKIA45B7YWBX5HAZMGOU%2F20260223%2Feu-west-1%2Fs3%2Faws4_request&X-Amz-Date=20260223T002700Z&X-Amz-Expires=604800&X-Amz-Signature=9a4972a68aa891c1c2480f44b2a85039320686723746b11e4884794a070920df&X-Amz-SignedHeaders=host&response-content-disposition=attachment%3B%20filename%3Deb25f1e5-d5a5-4fb2-810c-74d60d8fa1af.flac&x-id=GetObject,0.563782036,48474
CR.NEam-2023-06-27_13-20.WAV,2023 Conaway Ranch NE,2023,6,27,13,20,Agelaius tricolor,Simple Call 2,43.5253334,43.91999817,375,21656,24000,present,https://rfcx-streams-production.s3.eu-west-1.amazonaws.com/2023/06/27/b93ajwqaf8gs/12cf1c8a-0e5d-46d7-9b32-2773dfeb2a7b.flac?X-Amz-Algorithm=AWS4-HMAC-SHA256&X-Amz-Content-Sha256=UNSIGNED-PAYLOAD&X-Amz-Credential=AKIA45B7YWBX5HAZMGOU%2F20260223%2Feu-west-1%2Fs3%2Faws4_request&X-Amz-Date=20260223T002700Z&X-Amz-Expires=604800&X-Amz-Signature=2e0505d6b3a52144fa01458d13683b05f158947124bbb062d88d990124efa451&X-Amz-SignedHeaders=host&response-content-disposition=attachment%3B%20filename%3D12cf1c8a-0e5d-46d7-9b32-2773dfeb2a7b.flac&x-id=GetObject,0.614756823,48474
CR.NEam-2023-06-27_16-40.WAV,2023 Conaway Ranch NE,2023,6,27,16,40,Agelaius tricolor,Simple Call 2,41.58933258,41.98400116,375,21656,24000,present,https://rfcx-streams-production.s3.eu-west-1.amazonaws.com/2023/06/27/b93ajwqaf8gs/ec458437-2b7f-45e2-ab75-f5e4fd0e0583.flac?X-Amz-Algorithm=AWS4-HMAC-SHA256&X-Amz-Content-Sha256=UNSIGNED-PAYLOAD&X-Amz-Credential=AKIA45B7YWBX5HAZMGOU%2F20260223%2Feu-west-1%2Fs3%2Faws4_request&X-Amz-Date=20260223T002700Z&X-Amz-Expires=604800&X-Amz-Signature=c7e3737d048449d7bc8e3f63d4452d4079750becd3506d3acebd350faa0bf506&X-Amz-SignedHeaders=host&response-content-disposition=attachment%3B%20filename%3Dec458437-2b7f-45e2-ab75-f5e4fd0e0583.flac&x-id=GetObject,0.579465866,48474
CR.NEam-2023-06-27_18-40.WAV,2023 Conaway Ranch NE,2023,6,27,18,40,Agelaius tricolor,Simple Call 2,15.25866699,15.65333366,375,21656,24000,present,https://rfcx-streams-production.s3.eu-west-1.amazonaws.com/2023/06/28/b93ajwqaf8gs/51658a72-2ac2-49bc-9d92-0d37ac50a685.flac?X-Amz-Algorithm=AWS4-HMAC-SHA256&X-Amz-Content-Sha256=UNSIGNED-PAYLOAD&X-Amz-Credential=AKIA45B7YWBX5HAZMGOU%2F20260223%2Feu-west-1%2Fs3%2Faws4_request&X-Amz-Date=20260223T002700Z&X-Amz-Expires=604800&X-Amz-Signature=ccac1f6d10b48fb9ba916b01ab8e120b78968ba8548a903e6c98c6ff2edfc366&X-Amz-SignedHeaders=host&response-content-disposition=attachment%3B%20filename%3D51658a72-2ac2-49bc-9d92-0d37ac50a685.flac&x-id=GetObject,0.482656956,48474
CR.NEam-2023-06-27_20-40.WAV,2023 Conaway Ranch NE,2023,6,27,20,40,Agelaius tricolor,Simple Call 2,37.00266647,37.39733505,375,21656,24000,present,https://rfcx-streams-production.s3.eu-west-1.amazonaws.com/2023/06/28/b93ajwqaf8gs/ee741233-02c5-4f20-9cd7-948473c7f86f.flac?X-Amz-Algorithm=AWS4-HMAC-SHA256&X-Amz-Content-Sha256=UNSIGNED-PAYLOAD&X-Amz-Credential=AKIA45B7YWBX5HAZMGOU%2F20260223%2Feu-west-1%2Fs3%2Faws4_request&X-Amz-Date=20260223T002700Z&X-Amz-Expires=604800&X-Amz-Signature=e0c22b16525ee04e3df81d8772d6e69da27944b4c5bd8a41edb431f9010a1f96&X-Amz-SignedHeaders=host&response-content-disposition=attachment%3B%20filename%3Dee741233-02c5-4f20-9cd7-948473c7f86f.flac&x-id=GetObject,0.456799865,48474
CR.NEam-2023-06-28_06-40.WAV,2023 Conaway Ranch NE,2023,6,28,6,40,Agelaius tricolor,Simple Call 2,4.831999779,5.226666451,375,21656,24000,present,https://rfcx-streams-production.s3.eu-west-1.amazonaws.com/2023/06/28/b93ajwqaf8gs/2880946e-dcd4-423e-9f55-ccde3c4effa0.flac?X-Amz-Algorithm=AWS4-HMAC-SHA256&X-Amz-Content-Sha256=UNSIGNED-PAYLOAD&X-Amz-Credential=AKIA45B7YWBX5HAZMGOU%2F20260223%2Feu-west-1%2Fs3%2Faws4_request&X-Amz-Date=20260223T002700Z&X-Amz-Expires=604800&X-Amz-Signature=c1b07ea695b0902a32594a70087bbb06a89c6904e1e3eb12abf86b4ecb9959aa&X-Amz-SignedHeaders=host&response-content-disposition=attachment%3B%20filename%3D2880946e-dcd4-423e-9f55-ccde3c4effa0.flac&x-id=GetObject,0.634988964,48474
CR.NEam-2023-06-28_11-20.WAV,2023 Conaway Ranch NE,2023,6,28,11,20,Agelaius tricolor,Simple Call 2,8.117333412,8.512000084,375,21656,24000,present,https://rfcx-streams-production.s3.eu-west-1.amazonaws.com/2023/06/28/b93ajwqaf8gs/92432f4b-26e7-4ab7-98a0-a39c27aad2c7.flac?X-Amz-Algorithm=AWS4-HMAC-SHA256&X-Amz-Content-Sha256=UNSIGNED-PAYLOAD&X-Amz-Credential=AKIA45B7YWBX5HAZMGOU%2F20260223%2Feu-west-1%2Fs3%2Faws4_request&X-Amz-Date=20260223T002700Z&X-Amz-Expires=604800&X-Amz-Signature=c9f4ef343110e4a72302d5489ffe004c907d58cd36ad3f9873a7c9d11a7aa36d&X-Amz-SignedHeaders=host&response-content-disposition=attachment%3B%20filename%3D92432f4b-26e7-4ab7-98a0-a39c27aad2c7.flac&x-id=GetObject,0.477655917,48474
CR.NEam-2023-06-28_14-20.WAV,2023 Conaway Ranch NE,2023,6,28,14,20,Agelaius tricolor,Simple Call 2,32.31466675,32.70933151,375,21656,24000,present,https://rfcx-streams-production.s3.eu-west-1.amazonaws.com/2023/06/28/b93ajwqaf8gs/1a7c2cf2-1912-47c7-ac27-c97c3c091878.flac?X-Amz-Algorithm=AWS4-HMAC-SHA256&X-Amz-Content-Sha256=UNSIGNED-PAYLOAD&X-Amz-Credential=AKIA45B7YWBX5HAZMGOU%2F20260223%2Feu-west-1%2Fs3%2Faws4_request&X-Amz-Date=20260223T002700Z&X-Amz-Expires=604800&X-Amz-Signature=2bbb3d94664ba21529284f5cdca25dd8c38d834dbd74dc453d0efe4e7f843f01&X-Amz-SignedHeaders=host&response-content-disposition=attachment%3B%20filename%3D1a7c2cf2-1912-47c7-ac27-c97c3c091878.flac&x-id=GetObject,0.466088414,48474
CR.NEam-2023-06-28_16-20.WAV,2023 Conaway Ranch NE,2023,6,28,16,20,Agelaius tricolor,Simple Call 2,54.20800018,54.60266495,375,21656,24000,present,https://rfcx-streams-production.s3.eu-west-1.amazonaws.com/2023/06/28/b93ajwqaf8gs/cf7b5fcc-70f4-4a76-a348-3ed75fa95aba.flac?X-Amz-Algorithm=AWS4-HMAC-SHA256&X-Amz-Content-Sha256=UNSIGNED-PAYLOAD&X-Amz-Credential=AKIA45B7YWBX5HAZMGOU%2F20260223%2Feu-west-1%2Fs3%2Faws4_request&X-Amz-Date=20260223T002700Z&X-Amz-Expires=604800&X-Amz-Signature=3c41267ed03438a41e118340c98d58704711a9d4295c039d87f2e31f46c0017b&X-Amz-SignedHeaders=host&response-content-disposition=attachment%3B%20filename%3Dcf7b5fcc-70f4-4a76-a348-3ed75fa95aba.flac&x-id=GetObject,0.469286084,48474
CR.NEam-2023-06-28_19-00.WAV,2023 Conaway Ranch NE,2023,6,28,19,0,Agelaius tricolor,Simple Call 2,8.293333054,8.687999725,375,21656,24000,present,https://rfcx-streams-production.s3.eu-west-1.amazonaws.com/2023/06/29/b93ajwqaf8gs/591c9550-b9ec-4ed1-ad51-6edfdf02bcc9.flac?X-Amz-Algorithm=AWS4-HMAC-SHA256&X-Amz-Content-Sha256=UNSIGNED-PAYLOAD&X-Amz-Credential=AKIA45B7YWBX5HAZMGOU%2F20260223%2Feu-west-1%2Fs3%2Faws4_request&X-Amz-Date=20260223T002700Z&X-Amz-Expires=604800&X-Amz-Signature=8f6b8532e9155f22bcef20884df8708ff9e1f9f321ac83acb3735d7ca7a0689d&X-Amz-SignedHeaders=host&response-content-disposition=attachment%3B%20filename%3D591c9550-b9ec-4ed1-ad51-6edfdf02bcc9.flac&x-id=GetObject,0.402101159,48474
CR.NEam-2023-06-28_20-20.WAV,2023 Conaway Ranch NE,2023,6,28,20,20,Agelaius tricolor,Simple Call 2,44.20800018,44.60266495,375,21656,24000,present,https://rfcx-streams-production.s3.eu-west-1.amazonaws.com/2023/06/29/b93ajwqaf8gs/52d7ca66-8109-4f96-a3c7-99d05d742e58.flac?X-Amz-Algorithm=AWS4-HMAC-SHA256&X-Amz-Content-Sha256=UNSIGNED-PAYLOAD&X-Amz-Credential=AKIA45B7YWBX5HAZMGOU%2F20260223%2Feu-west-1%2Fs3%2Faws4_request&X-Amz-Date=20260223T002700Z&X-Amz-Expires=604800&X-Amz-Signature=ec2e8ef2e33364b028e6bdb1ccc513dd289d74526a12989b07e9c3128201fff2&X-Amz-SignedHeaders=host&response-content-disposition=attachment%3B%20filename%3D52d7ca66-8109-4f96-a3c7-99d05d742e58.flac&x-id=GetObject,0.489749581,48474
CR.NEam-2023-06-29_05-20.WAV,2023 Conaway Ranch NE,2023,6,29,5,20,Agelaius tricolor,Simple Call 2,16.9066658,17.30133247,375,21656,24000,present,https://rfcx-streams-production.s3.eu-west-1.amazonaws.com/2023/06/29/b93ajwqaf8gs/56febd9d-2dc9-4d38-8bdc-b61c16be4dd5.flac?X-Amz-Algorithm=AWS4-HMAC-SHA256&X-Amz-Content-Sha256=UNSIGNED-PAYLOAD&X-Amz-Credential=AKIA45B7YWBX5HAZMGOU%2F20260223%2Feu-west-1%2Fs3%2Faws4_request&X-Amz-Date=20260223T002700Z&X-Amz-Expires=604800&X-Amz-Signature=1967f801bf412f4e5e6936c2f86156f97fa9b4ffad30380365927b19bcc31b0b&X-Amz-SignedHeaders=host&response-content-disposition=attachment%3B%20filename%3D56febd9d-2dc9-4d38-8bdc-b61c16be4dd5.flac&x-id=GetObject,0.540591478,48474
CR.NEam-2023-06-29_05-40.WAV,2023 Conaway Ranch NE,2023,6,29,5,40,Agelaius tricolor,Simple Call 2,23.92533302,24.31999969,375,21656,24000,present,https://rfcx-streams-production.s3.eu-west-1.amazonaws.com/2023/06/29/b93ajwqaf8gs/f729115a-dbf8-4bd0-a12f-1ce3866e62e1.flac?X-Amz-Algorithm=AWS4-HMAC-SHA256&X-Amz-Content-Sha256=UNSIGNED-PAYLOAD&X-Amz-Credential=AKIA45B7YWBX5HAZMGOU%2F20260223%2Feu-west-1%2Fs3%2Faws4_request&X-Amz-Date=20260223T002700Z&X-Amz-Expires=604800&X-Amz-Signature=e808e6e3738536d02e7f45865fe2bc9a73bf27e0301e5b4d9e94696eaea3c5e5&X-Amz-SignedHeaders=host&response-content-disposition=attachment%3B%20filename%3Df729115a-dbf8-4bd0-a12f-1ce3866e62e1.flac&x-id=GetObject,0.510016859,48474
CR.NEam-2023-06-29_07-40.WAV,2023 Conaway Ranch NE,2023,6,29,7,40,Agelaius tricolor,Simple Call 2,55.95199966,56.34666824,375,21656,24000,present,https://rfcx-streams-production.s3.eu-west-1.amazonaws.com/2023/06/29/b93ajwqaf8gs/4f5a4643-2ab1-4353-994b-26f3610cafae.flac?X-Amz-Algorithm=AWS4-HMAC-SHA256&X-Amz-Content-Sha256=UNSIGNED-PAYLOAD&X-Amz-Credential=AKIA45B7YWBX5HAZMGOU%2F20260223%2Feu-west-1%2Fs3%2Faws4_request&X-Amz-Date=20260223T002700Z&X-Amz-Expires=604800&X-Amz-Signature=e98d03a7eced6189e8860f04190d30e9470bef4bbaaa67f0f294201e90d82b9a&X-Amz-SignedHeaders=host&response-content-disposition=attachment%3B%20filename%3D4f5a4643-2ab1-4353-994b-26f3610cafae.flac&x-id=GetObject,0.487509012,48474
CR.NEam-2023-06-29_11-00.WAV,2023 Conaway Ranch NE,2023,6,29,11,0,Agelaius tricolor,Simple Call 2,31.75466728,32.14933395,375,21656,24000,present,https://rfcx-streams-production.s3.eu-west-1.amazonaws.com/2023/06/29/b93ajwqaf8gs/8217e7e8-ae26-4edf-8ee5-aad75f2188be.flac?X-Amz-Algorithm=AWS4-HMAC-SHA256&X-Amz-Content-Sha256=UNSIGNED-PAYLOAD&X-Amz-Credential=AKIA45B7YWBX5HAZMGOU%2F20260223%2Feu-west-1%2Fs3%2Faws4_request&X-Amz-Date=20260223T002700Z&X-Amz-Expires=604800&X-Amz-Signature=a4babb11c2c8e7c2ee4f9753f944e5412257a7151afe08565875876f42422643&X-Amz-SignedHeaders=host&response-content-disposition=attachment%3B%20filename%3D8217e7e8-ae26-4edf-8ee5-aad75f2188be.flac&x-id=GetObject,0.401753217,48474
CR.NEam-2023-06-29_12-00.WAV,2023 Conaway Ranch NE,2023,6,29,12,0,Agelaius tricolor,Simple Call 2,40.02133179,40.41600037,375,21656,24000,present,https://rfcx-streams-production.s3.eu-west-1.amazonaws.com/2023/06/29/b93ajwqaf8gs/01dc186c-1184-4ae6-9bc4-e8e7bf41c223.flac?X-Amz-Algorithm=AWS4-HMAC-SHA256&X-Amz-Content-Sha256=UNSIGNED-PAYLOAD&X-Amz-Credential=AKIA45B7YWBX5HAZMGOU%2F20260223%2Feu-west-1%2Fs3%2Faws4_request&X-Amz-Date=20260223T002700Z&X-Amz-Expires=604800&X-Amz-Signature=808cf4a7cf3919dd3da38298788b898345a5f9d5c9e9a12fceb94c34d3346b1a&X-Amz-SignedHeaders=host&response-content-disposition=attachment%3B%20filename%3D01dc186c-1184-4ae6-9bc4-e8e7bf41c223.flac&x-id=GetObject,0.522493243,48474
CR.NEam-2023-06-30_07-40.WAV,2023 Conaway Ranch NE,2023,6,30,7,40,Agelaius tricolor,Simple Call 2,25.93600082,26.3306675,375,21656,24000,present,https://rfcx-streams-production.s3.eu-west-1.amazonaws.com/2023/06/30/b93ajwqaf8gs/2171657d-983c-4c36-838d-40c8455921d0.flac?X-Amz-Algorithm=AWS4-HMAC-SHA256&X-Amz-Content-Sha256=UNSIGNED-PAYLOAD&X-Amz-Credential=AKIA45B7YWBX5HAZMGOU%2F20260223%2Feu-west-1%2Fs3%2Faws4_request&X-Amz-Date=20260223T002659Z&X-Amz-Expires=604800&X-Amz-Signature=b292a271c60f60eb17d7c5aed10928b1664a6fe89b7db219fc788113798231e7&X-Amz-SignedHeaders=host&response-content-disposition=attachment%3B%20filename%3D2171657d-983c-4c36-838d-40c8455921d0.flac&x-id=GetObject,0.453757435,48474
