id,recording,site,year,month,day,hour,minute,species,songtype,x1,x2,y1,y2,frequency,validated,url,score,site_id
1130144750,MRam-2020-05-30_10-20.flac,2020 Markham Ravine,2020,5,30,10,20,Agelaius tricolor,Simple Call,24.2933,25.1253,844,13500,24000,present,https://rfcx-streams-production.s3.eu-west-1.amazonaws.com/2020/05/30/r45nxoutv671/428530c8-1c18-ac8a-6911-4c46aa36b74f.flac?AWSAccessKeyId=AKIA45B7YWBX7MUJ7QCX&Expires=1777992444&Signature=3D%2Fhq%2FQrxv%2Bsd1pyPUOmEaFuUsI%3D,0.275821,6404
1130144751,MRam-2020-05-30_10-20.flac,2020 Markham Ravine,2020,5,30,10,20,Agelaius tricolor,Simple Call,23.8667,24.6987,844,13500,24000,present,https://rfcx-streams-production.s3.eu-west-1.amazonaws.com/2020/05/30/r45nxoutv671/428530c8-1c18-ac8a-6911-4c46aa36b74f.flac?AWSAccessKeyId=AKIA45B7YWBX7MUJ7QCX&Expires=1777992444&Signature=3D%2Fhq%2FQrxv%2Bsd1pyPUOmEaFuUsI%3D,0.247119,6404
1130144752,MRam-2020-05-30_10-20.flac,2020 Markham Ravine,2020,5,30,10,20,Agelaius tricolor,Simple Call,51.5253,52.3573,844,13500,24000,present,https://rfcx-streams-production.s3.eu-west-1.amazonaws.com/2020/05/30/r45nxoutv671/428530c8-1c18-ac8a-6911-4c46aa36b74f.flac?AWSAccessKeyId=AKIA45B7YWBX7MUJ7QCX&Expires=1777992444&Signature=3D%2Fhq%2FQrxv%2Bsd1pyPUOmEaFuUsI%3D,0.234813,6404
1130144753,MRam-2020-05-30_10-20.flac,2020 Markham Ravine,2020,5,30,10,20,Agelaius tricolor,Simple Call,39.1893,40.0213,844,13500,24000,present,https://rfcx-streams-production.s3.eu-west-1.amazonaws.com/2020/05/30/r45nxoutv671/428530c8-1c18-ac8a-6911-4c46aa36b74f.flac?AWSAccessKeyId=AKIA45B7YWBX7MUJ7QCX&Expires=1777992444&Signature=3D%2Fhq%2FQrxv%2Bsd1pyPUOmEaFuUsI%3D,0.229984,6404
1130144754,MRam-2020-05-30_10-20.flac,2020 Markham Ravine,2020,5,30,10,20,Agelaius tricolor,Simple Call,51.0933,51.9253,844,13500,24000,present,https://rfcx-streams-production.s3.eu-west-1.amazonaws.com/2020/05/30/r45nxoutv671/428530c8-1c18-ac8a-6911-4c46aa36b74f.flac?AWSAccessKeyId=AKIA45B7YWBX7MUJ7QCX&Expires=1777992444&Signature=3D%2Fhq%2FQrxv%2Bsd1pyPUOmEaFuUsI%3D,0.227317,6404
1130144755,MRam-2020-05-30_10-20.flac,2020 Markham Ravine,2020,5,30,10,20,Agelaius tricolor,Simple Call,42.5333,43.3653,844,13500,24000,present,https://rfcx-streams-production.s3.eu-west-1.amazonaws.com/2020/05/30/r45nxoutv671/428530c8-1c18-ac8a-6911-4c46aa36b74f.flac?AWSAccessKeyId=AKIA45B7YWBX7MUJ7QCX&Expires=1777992444&Signature=3D%2Fhq%2FQrxv%2Bsd1pyPUOmEaFuUsI%3D,0.219302,6404
1130144756,MRam-2020-05-30_10-20.flac,2020 Markham Ravine,2020,5,30,10,20,Agelaius tricolor,Simple Call,21.52,22.352,844,13500,24000,(not validated),https://rfcx-streams-production.s3.eu-west-1.amazonaws.com/2020/05/30/r45nxoutv671/428530c8-1c18-ac8a-6911-4c46aa36b74f.flac?AWSAccessKeyId=AKIA45B7YWBX7MUJ7QCX&Expires=1777992444&Signature=3D%2Fhq%2FQrxv%2Bsd1pyPUOmEaFuUsI%3D,0.218975,6404
1130144757,MRam-2020-05-30_10-20.flac,2020 Markham Ravine,2020,5,30,10,20,Agelaius tricolor,Simple Call,56.4747,57.3067,844,13500,24000,present,https://rfcx-streams-production.s3.eu-west-1.amazonaws.com/2020/05/30/r45nxoutv671/428530c8-1c18-ac8a-6911-4c46aa36b74f.flac?AWSAccessKeyId=AKIA45B7YWBX7MUJ7QCX&Expires=1777992444&Signature=3D%2Fhq%2FQrxv%2Bsd1pyPUOmEaFuUsI%3D,0.217196,6404
1130144758,MRam-2020-05-30_10-20.flac,2020 Markham Ravine,2020,5,30,10,20,Agelaius tricolor,Simple Call,42.9493,43.7813,844,13500,24000,present,https://rfcx-streams-production.s3.eu-west-1.amazonaws.com/2020/05/30/r45nxoutv671/428530c8-1c18-ac8a-6911-4c46aa36b74f.flac?AWSAccessKeyId=AKIA45B7YWBX7MUJ7QCX&Expires=1777992444&Signature=3D%2Fhq%2FQrxv%2Bsd1pyPUOmEaFuUsI%3D,0.20613,6404
1130144759,MRam-2020-05-01_13-20.flac,2020 Markham Ravine,2020,5,1,13,20,Agelaius tricolor,Simple Call,21.6107,22.4427,844,13500,24000,present,https://rfcx-streams-production.s3.eu-west-1.amazonaws.com/2020/05/01/r45nxoutv671/342ddae5-1ad8-d04a-1406-edc1c3e07eca.flac?AWSAccessKeyId=AKIA45B7YWBX7MUJ7QCX&Expires=1777992444&Signature=RZq6ozQsDvmqOZLgW9oSwWAMUNo%3D,0.202424,6404
1130144760,MRam-2020-05-03_17-20.flac,2020 Markham Ravine,2020,5,3,17,20,Agelaius tricolor,Simple Call,5.97333,6.80533,844,13500,24000,present,https://rfcx-streams-production.s3.eu-west-1.amazonaws.com/2020/05/03/r45nxoutv671/21b5167c-7974-478f-f85e-7dc8851164ca.flac?AWSAccessKeyId=AKIA45B7YWBX7MUJ7QCX&Expires=1777992444&Signature=WaHNwsjiIDqfSzPhasa620WFXXs%3D,0.257155,6404
1130144761,MRam-2020-05-03_17-20.flac,2020 Markham Ravine,2020,5,3,17,20,Agelaius tricolor,Simple Call,6.416,7.248,844,13500,24000,present,https://rfcx-streams-production.s3.eu-west-1.amazonaws.com/2020/05/03/r45nxoutv671/21b5167c-7974-478f-f85e-7dc8851164ca.flac?AWSAccessKeyId=AKIA45B7YWBX7MUJ7QCX&Expires=1777992444&Signature=WaHNwsjiIDqfSzPhasa620WFXXs%3D,0.246466,6404
1130144762,MRam-2020-05-03_17-40.flac,2020 Markham Ravine,2020,5,3,17,40,Agelaius tricolor,Simple Call,45.1147,45.9467,844,13500,24000,present,https://rfcx-streams-production.s3.eu-west-1.amazonaws.com/2020/05/03/r45nxoutv671/3d086268-ccd4-1263-7c41-9e6a43294738.flac?AWSAccessKeyId=AKIA45B7YWBX7MUJ7QCX&Expires=1777992444&Signature=hvhQrtgXP0zE7P0%2BVQxfE%2F03hl4%3D,0.282604,6404
1130144763,MRam-2020-05-03_17-40.flac,2020 Markham Ravine,2020,5,3,17,40,Agelaius tricolor,Simple Call,44.688,45.52,844,13500,24000,present,https://rfcx-streams-production.s3.eu-west-1.amazonaws.com/2020/05/03/r45nxoutv671/3d086268-ccd4-1263-7c41-9e6a43294738.flac?AWSAccessKeyId=AKIA45B7YWBX7MUJ7QCX&Expires=1777992444&Signature=hvhQrtgXP0zE7P0%2BVQxfE%2F03hl4%3D,0.250124,6404
1130144764,MRam-2020-05-03_17-40.flac,2020 Markham Ravine,2020,5,3,17,40,Agelaius tricolor,Simple Call,54.7787,55.6107,844,13500,24000,present,https://rfcx-streams-production.s3.eu-west-1.amazonaws.com/2020/05/03/r45nxoutv671/3d086268-ccd4-1263-7c41-9e6a43294738.flac?AWSAccessKeyId=AKIA45B7YWBX7MUJ7QCX&Expires=1777992444&Signature=hvhQrtgXP0zE7P0%2BVQxfE%2F03hl4%3D,0.227263,6404
1130144765,MRam-2020-05-11_18-40.flac,2020 Markham Ravine,2020,5,11,18,40,Agelaius tricolor,Simple Call,56.336,57.168,844,13500,24000,present,https://rfcx-streams-production.s3.eu-west-1.amazonaws.com/2020/05/11/r45nxoutv671/67cc3b04-3a23-b568-12a7-30018c327df7.flac?AWSAccessKeyId=AKIA45B7YWBX7MUJ7QCX&Expires=1777992444&Signature=L0h2zeiIO3izZMYZlciHfGI%2FaK8%3D,0.311562,6404
1130144766,MRam-2020-05-11_18-40.flac,2020 Markham Ravine,2020,5,11,18,40,Agelaius tricolor,Simple Call,55.9147,56.7467,844,13500,24000,present,https://rfcx-streams-production.s3.eu-west-1.amazonaws.com/2020/05/11/r45nxoutv671/67cc3b04-3a23-b568-12a7-30018c327df7.flac?AWSAccessKeyId=AKIA45B7YWBX7MUJ7QCX&Expires=1777992444&Signature=L0h2zeiIO3izZMYZlciHfGI%2FaK8%3D,0.285497,6404
1130144767,MRam-2020-05-11_18-40.flac,2020 Markham Ravine,2020,5,11,18,40,Agelaius tricolor,Simple Call,48.2613,49.0933,844,13500,24000,present,https://rfcx-streams-production.s3.eu-west-1.amazonaws.com/2020/05/11/r45nxoutv671/67cc3b04-3a23-b568-12a7-30018c327df7.flac?AWSAccessKeyId=AKIA45B7YWBX7MUJ7QCX&Expires=1777992444&Signature=L0h2zeiIO3izZMYZlciHfGI%2FaK8%3D,0.238409,6404
1130144768,MRam-2020-05-11_18-40.flac,2020 Markham Ravine,2020,5,11,18,40,Agelaius tricolor,Simple Call,47.84,48.672,844,13500,24000,present,https://rfcx-streams-production.s3.eu-west-1.amazonaws.com/2020/05/11/r45nxoutv671/67cc3b04-3a23-b568-12a7-30018c327df7.flac?AWSAccessKeyId=AKIA45B7YWBX7MUJ7QCX&Expires=1777992444&Signature=L0h2zeiIO3izZMYZlciHfGI%2FaK8%3D,0.226571,6404
1130144769,MRam-2020-04-30_08-20.flac,2020 Markham Ravine,2020,4,30,8,20,Agelaius tricolor,Simple Call,39.2053,40.0373,844,13500,24000,present,https://rfcx-streams-production.s3.eu-west-1.amazonaws.com/2020/04/30/r45nxoutv671/409984c9-404a-b2c0-1a57-3496d50aa470.flac?AWSAccessKeyId=AKIA45B7YWBX7MUJ7QCX&Expires=1777992444&Signature=dXWjG76Mmmegqco%2FsgWHh9gYuQ8%3D,0.204366,6404
1130144770,MRam-2020-04-30_08-20.flac,2020 Markham Ravine,2020,4,30,8,20,Agelaius tricolor,Simple Call,24.4853,25.3173,844,13500,24000,present,https://rfcx-streams-production.s3.eu-west-1.amazonaws.com/2020/04/30/r45nxoutv671/409984c9-404a-b2c0-1a57-3496d50aa470.flac?AWSAccessKeyId=AKIA45B7YWBX7MUJ7QCX&Expires=1777992444&Signature=dXWjG76Mmmegqco%2FsgWHh9gYuQ8%3D,0.201271,6404
1130144771,MRam-2020-04-30_18-20.flac,2020 Markham Ravine,2020,4,30,18,20,Agelaius tricolor,Simple Call,24.7573,25.5893,844,13500,24000,present,https://rfcx-streams-production.s3.eu-west-1.amazonaws.com/2020/04/30/r45nxoutv671/f630462b-52bb-68e2-d831-11acbc8cb32c.flac?AWSAccessKeyId=AKIA45B7YWBX7MUJ7QCX&Expires=1777992444&Signature=ny2q8%2BFNXwCl4GMh0ysLyN03fPA%3D,0.345189,6404
1130144772,MRam-2020-04-30_18-20.flac,2020 Markham Ravine,2020,4,30,18,20,Agelaius tricolor,Simple Call,34.6453,35.4773,844,13500,24000,(not validated),https://rfcx-streams-production.s3.eu-west-1.amazonaws.com/2020/04/30/r45nxoutv671/f630462b-52bb-68e2-d831-11acbc8cb32c.flac?AWSAccessKeyId=AKIA45B7YWBX7MUJ7QCX&Expires=1777992444&Signature=ny2q8%2BFNXwCl4GMh0ysLyN03fPA%3D,0.34273,6404
1130144773,MRam-2020-04-30_18-20.flac,2020 Markham Ravine,2020,4,30,18,20,Agelaius tricolor,Simple Call,32.5653,33.3973,844,13500,24000,(not validated),https://rfcx-streams-production.s3.eu-west-1.amazonaws.com/2020/04/30/r45nxoutv671/f630462b-52bb-68e2-d831-11acbc8cb32c.flac?AWSAccessKeyId=AKIA45B7YWBX7MUJ7QCX&Expires=1777992444&Signature=ny2q8%2BFNXwCl4GMh0ysLyN03fPA%3D,0.228893,6404
1130144774,MRam-2020-04-30_18-20.flac,2020 Markham Ravine,2020,4,30,18,20,Agelaius tricolor,Simple Call,34.2293,35.0613,844,13500,24000,(not validated),https://rfcx-streams-production.s3.eu-west-1.amazonaws.com/2020/04/30/r45nxoutv671/f630462b-52bb-68e2-d831-11acbc8cb32c.flac?AWSAccessKeyId=AKIA45B7YWBX7MUJ7QCX&Expires=1777992444&Signature=ny2q8%2BFNXwCl4GMh0ysLyN03fPA%3D,0.226529,6404
1130144775,MRam-2020-04-30_18-20.flac,2020 Markham Ravine,2020,4,30,18,20,Agelaius tricolor,Simple Call,32.1333,32.9653,844,13500,24000,(not validated),https://rfcx-streams-production.s3.eu-west-1.amazonaws.com/2020/04/30/r45nxoutv671/f630462b-52bb-68e2-d831-11acbc8cb32c.flac?AWSAccessKeyId=AKIA45B7YWBX7MUJ7QCX&Expires=1777992444&Signature=ny2q8%2BFNXwCl4GMh0ysLyN03fPA%3D,0.215618,6404
1130144776,MRam-2020-04-30_18-20.flac,2020 Markham Ravine,2020,4,30,18,20,Agelaius tricolor,Simple Call,23.984,24.816,844,13500,24000,(not validated),https://rfcx-streams-production.s3.eu-west-1.amazonaws.com/2020/04/30/r45nxoutv671/f630462b-52bb-68e2-d831-11acbc8cb32c.flac?AWSAccessKeyId=AKIA45B7YWBX7MUJ7QCX&Expires=1777992444&Signature=ny2q8%2BFNXwCl4GMh0ysLyN03fPA%3D,0.204272,6404
1130144777,MRam-2020-05-01_07-20.flac,2020 Markham Ravine,2020,5,1,7,20,Agelaius tricolor,Simple Call,35.4453,36.2773,844,13500,24000,present,https://rfcx-streams-production.s3.eu-west-1.amazonaws.com/2020/05/01/r45nxoutv671/b63ee36e-f46c-e32c-486f-4b658f683ecc.flac?AWSAccessKeyId=AKIA45B7YWBX7MUJ7QCX&Expires=1777992444&Signature=MD929nTenHVmN2hnuz%2F56flUaR0%3D,0.253127,6404
1130144778,MRam-2020-05-01_07-20.flac,2020 Markham Ravine,2020,5,1,7,20,Agelaius tricolor,Simple Call,35.8667,36.6987,844,13500,24000,present,https://rfcx-streams-production.s3.eu-west-1.amazonaws.com/2020/05/01/r45nxoutv671/b63ee36e-f46c-e32c-486f-4b658f683ecc.flac?AWSAccessKeyId=AKIA45B7YWBX7MUJ7QCX&Expires=1777992444&Signature=MD929nTenHVmN2hnuz%2F56flUaR0%3D,0.215656,6404
1130144779,MRam-2020-05-01_11-00.flac,2020 Markham Ravine,2020,5,1,11,0,Agelaius tricolor,Simple Call,8.544,9.376,844,13500,24000,present,https://rfcx-streams-production.s3.eu-west-1.amazonaws.com/2020/05/01/r45nxoutv671/087d0814-3a2a-88b0-ef1f-a3308ff82cf2.flac?AWSAccessKeyId=AKIA45B7YWBX7MUJ7QCX&Expires=1777992444&Signature=M3lYgZAb7wesgbq6SGAw4RZmiM8%3D,0.214301,6404
1130144780,MRam-2020-05-27_16-00.flac,2020 Markham Ravine,2020,5,27,16,0,Agelaius tricolor,Simple Call,10.2773,11.1093,844,13500,24000,present,https://rfcx-streams-production.s3.eu-west-1.amazonaws.com/2020/05/27/r45nxoutv671/aa633e06-a521-d237-cf88-44dc201e1d76.flac?AWSAccessKeyId=AKIA45B7YWBX7MUJ7QCX&Expires=1777992444&Signature=3t43336Lfp5i9pkNd3eqEK0Z6VQ%3D,0.243729,6404
1130144781,MRam-2020-05-27_16-00.flac,2020 Markham Ravine,2020,5,27,16,0,Agelaius tricolor,Simple Call,9.856,10.688,844,13500,24000,present,https://rfcx-streams-production.s3.eu-west-1.amazonaws.com/2020/05/27/r45nxoutv671/aa633e06-a521-d237-cf88-44dc201e1d76.flac?AWSAccessKeyId=AKIA45B7YWBX7MUJ7QCX&Expires=1777992444&Signature=3t43336Lfp5i9pkNd3eqEK0Z6VQ%3D,0.231705,6404
1130144782,MRam-2020-05-28_13-40.flac,2020 Markham Ravine,2020,5,28,13,40,Agelaius tricolor,Simple Call,11.2427,12.0747,844,13500,24000,present,https://rfcx-streams-production.s3.eu-west-1.amazonaws.com/2020/05/28/r45nxoutv671/eec2ffc7-66df-6b1d-dbf3-d34cc08a59b3.flac?AWSAccessKeyId=AKIA45B7YWBX7MUJ7QCX&Expires=1777992444&Signature=KARZwLbmY6OR0oY5A%2Fg8r7txyEo%3D,0.271436,6404
1130144783,MRam-2020-05-28_13-40.flac,2020 Markham Ravine,2020,5,28,13,40,Agelaius tricolor,Simple Call,0.826667,1.65867,844,13500,24000,(not validated),https://rfcx-streams-production.s3.eu-west-1.amazonaws.com/2020/05/28/r45nxoutv671/eec2ffc7-66df-6b1d-dbf3-d34cc08a59b3.flac?AWSAccessKeyId=AKIA45B7YWBX7MUJ7QCX&Expires=1777992444&Signature=KARZwLbmY6OR0oY5A%2Fg8r7txyEo%3D,0.254988,6404
1130144784,MRam-2020-05-28_13-40.flac,2020 Markham Ravine,2020,5,28,13,40,Agelaius tricolor,Simple Call,22.5387,23.3707,844,13500,24000,(not validated),https://rfcx-streams-production.s3.eu-west-1.amazonaws.com/2020/05/28/r45nxoutv671/eec2ffc7-66df-6b1d-dbf3-d34cc08a59b3.flac?AWSAccessKeyId=AKIA45B7YWBX7MUJ7QCX&Expires=1777992444&Signature=KARZwLbmY6OR0oY5A%2Fg8r7txyEo%3D,0.245853,6404
1130144785,MRam-2020-05-28_13-40.flac,2020 Markham Ravine,2020,5,28,13,40,Agelaius tricolor,Simple Call,14.1813,15.0133,844,13500,24000,present,https://rfcx-streams-production.s3.eu-west-1.amazonaws.com/2020/05/28/r45nxoutv671/eec2ffc7-66df-6b1d-dbf3-d34cc08a59b3.flac?AWSAccessKeyId=AKIA45B7YWBX7MUJ7QCX&Expires=1777992444&Signature=KARZwLbmY6OR0oY5A%2Fg8r7txyEo%3D,0.235313,6404
1130144786,MRam-2020-05-28_13-40.flac,2020 Markham Ravine,2020,5,28,13,40,Agelaius tricolor,Simple Call,10.8,11.632,844,13500,24000,present,https://rfcx-streams-production.s3.eu-west-1.amazonaws.com/2020/05/28/r45nxoutv671/eec2ffc7-66df-6b1d-dbf3-d34cc08a59b3.flac?AWSAccessKeyId=AKIA45B7YWBX7MUJ7QCX&Expires=1777992444&Signature=KARZwLbmY6OR0oY5A%2Fg8r7txyEo%3D,0.235146,6404
1130144787,MRam-2020-05-28_13-40.flac,2020 Markham Ravine,2020,5,28,13,40,Agelaius tricolor,Simple Call,3.792,4.624,844,13500,24000,(not validated),https://rfcx-streams-production.s3.eu-west-1.amazonaws.com/2020/05/28/r45nxoutv671/eec2ffc7-66df-6b1d-dbf3-d34cc08a59b3.flac?AWSAccessKeyId=AKIA45B7YWBX7MUJ7QCX&Expires=1777992444&Signature=KARZwLbmY6OR0oY5A%2Fg8r7txyEo%3D,0.207618,6404
1130144788,MRam-2020-05-29_09-20.flac,2020 Markham Ravine,2020,5,29,9,20,Agelaius tricolor,Simple Call,17.456,18.288,844,13500,24000,(not validated),https://rfcx-streams-production.s3.eu-west-1.amazonaws.com/2020/05/29/r45nxoutv671/a5c18d1a-f2b4-0e19-d454-47d61c1d0c5c.flac?AWSAccessKeyId=AKIA45B7YWBX7MUJ7QCX&Expires=1777992444&Signature=HMKxvwx%2FLzDoy%2BsMVCVzKubKBYA%3D,0.250577,6404
1130144789,MRam-2020-05-29_11-00.flac,2020 Markham Ravine,2020,5,29,11,0,Agelaius tricolor,Simple Call,0.346667,1.17867,844,13500,24000,present,https://rfcx-streams-production.s3.eu-west-1.amazonaws.com/2020/05/29/r45nxoutv671/8ac92d9e-7127-2338-2310-de64a25e80c3.flac?AWSAccessKeyId=AKIA45B7YWBX7MUJ7QCX&Expires=1777992444&Signature=x1wHkgUlWa5McKcCdvgN3Kr6qko%3D,0.330499,6404
1130144790,MRam-2020-05-29_11-00.flac,2020 Markham Ravine,2020,5,29,11,0,Agelaius tricolor,Simple Call,14.8213,15.6533,844,13500,24000,present,https://rfcx-streams-production.s3.eu-west-1.amazonaws.com/2020/05/29/r45nxoutv671/8ac92d9e-7127-2338-2310-de64a25e80c3.flac?AWSAccessKeyId=AKIA45B7YWBX7MUJ7QCX&Expires=1777992444&Signature=x1wHkgUlWa5McKcCdvgN3Kr6qko%3D,0.231378,6404
1130144791,MRam-2020-05-29_11-00.flac,2020 Markham Ravine,2020,5,29,11,0,Agelaius tricolor,Simple Call,6.61867,7.45067,844,13500,24000,present,https://rfcx-streams-production.s3.eu-west-1.amazonaws.com/2020/05/29/r45nxoutv671/8ac92d9e-7127-2338-2310-de64a25e80c3.flac?AWSAccessKeyId=AKIA45B7YWBX7MUJ7QCX&Expires=1777992444&Signature=x1wHkgUlWa5McKcCdvgN3Kr6qko%3D,0.200153,6404
1130144792,MRam-2020-05-29_11-20.flac,2020 Markham Ravine,2020,5,29,11,20,Agelaius tricolor,Simple Call,29.76,30.592,844,13500,24000,present,https://rfcx-streams-production.s3.eu-west-1.amazonaws.com/2020/05/29/r45nxoutv671/cbb53547-f9db-74a3-70c5-9ca9dc4143a9.flac?AWSAccessKeyId=AKIA45B7YWBX7MUJ7QCX&Expires=1777992444&Signature=bZyyBM4iRowyfFq%2FEBgFsTPYykk%3D,0.297955,6404
1130144793,MRam-2020-05-29_11-20.flac,2020 Markham Ravine,2020,5,29,11,20,Agelaius tricolor,Simple Call,29.3387,30.1707,844,13500,24000,present,https://rfcx-streams-production.s3.eu-west-1.amazonaws.com/2020/05/29/r45nxoutv671/cbb53547-f9db-74a3-70c5-9ca9dc4143a9.flac?AWSAccessKeyId=AKIA45B7YWBX7MUJ7QCX&Expires=1777992444&Signature=bZyyBM4iRowyfFq%2FEBgFsTPYykk%3D,0.297598,6404
1130144794,MRam-2020-05-30_18-20.flac,2020 Markham Ravine,2020,5,30,18,20,Agelaius tricolor,Simple Call,37.008,37.84,844,13500,24000,present,https://rfcx-streams-production.s3.eu-west-1.amazonaws.com/2020/05/30/r45nxoutv671/820ff79e-2059-8783-9520-cb88a6deb1ec.flac?AWSAccessKeyId=AKIA45B7YWBX7MUJ7QCX&Expires=1777992444&Signature=Tp0BMC51wk2vK28eVj6rYcUjNnk%3D,0.35551,6404
1130144795,MRam-2020-05-30_18-20.flac,2020 Markham Ravine,2020,5,30,18,20,Agelaius tricolor,Simple Call,36.5653,37.3973,844,13500,24000,present,https://rfcx-streams-production.s3.eu-west-1.amazonaws.com/2020/05/30/r45nxoutv671/820ff79e-2059-8783-9520-cb88a6deb1ec.flac?AWSAccessKeyId=AKIA45B7YWBX7MUJ7QCX&Expires=1777992444&Signature=Tp0BMC51wk2vK28eVj6rYcUjNnk%3D,0.241486,6404
1130144796,MRam-2020-05-30_18-20.flac,2020 Markham Ravine,2020,5,30,18,20,Agelaius tricolor,Simple Call,38.7253,39.5573,844,13500,24000,present,https://rfcx-streams-production.s3.eu-west-1.amazonaws.com/2020/05/30/r45nxoutv671/820ff79e-2059-8783-9520-cb88a6deb1ec.flac?AWSAccessKeyId=AKIA45B7YWBX7MUJ7QCX&Expires=1777992444&Signature=Tp0BMC51wk2vK28eVj6rYcUjNnk%3D,0.226838,6404
1130144797,MRam-2020-05-30_18-20.flac,2020 Markham Ravine,2020,5,30,18,20,Agelaius tricolor,Simple Call,10.5813,11.4133,844,13500,24000,(not validated),https://rfcx-streams-production.s3.eu-west-1.amazonaws.com/2020/05/30/r45nxoutv671/820ff79e-2059-8783-9520-cb88a6deb1ec.flac?AWSAccessKeyId=AKIA45B7YWBX7MUJ7QCX&Expires=1777992444&Signature=Tp0BMC51wk2vK28eVj6rYcUjNnk%3D,0.221986,6404
1130144798,MRam-2020-05-30_18-20.flac,2020 Markham Ravine,2020,5,30,18,20,Agelaius tricolor,Simple Call,38.2453,39.0773,844,13500,24000,present,https://rfcx-streams-production.s3.eu-west-1.amazonaws.com/2020/05/30/r45nxoutv671/820ff79e-2059-8783-9520-cb88a6deb1ec.flac?AWSAccessKeyId=AKIA45B7YWBX7MUJ7QCX&Expires=1777992444&Signature=Tp0BMC51wk2vK28eVj6rYcUjNnk%3D,0.20321,6404
1130144799,MRam-2020-05-04_09-00.flac,2020 Markham Ravine,2020,5,4,9,0,Agelaius tricolor,Simple Call,18.7307,19.5627,844,13500,24000,present,https://rfcx-streams-production.s3.eu-west-1.amazonaws.com/2020/05/04/r45nxoutv671/edc2cfcf-14eb-3ca7-c812-f7d5c796fc4d.flac?AWSAccessKeyId=AKIA45B7YWBX7MUJ7QCX&Expires=1777992444&Signature=atMvn8TZCjx9a8z1SyE8bmKBE7Y%3D,0.268033,6404
1130144800,MRam-2020-05-04_09-00.flac,2020 Markham Ravine,2020,5,4,9,0,Agelaius tricolor,Simple Call,19.152,19.984,844,13500,24000,present,https://rfcx-streams-production.s3.eu-west-1.amazonaws.com/2020/05/04/r45nxoutv671/edc2cfcf-14eb-3ca7-c812-f7d5c796fc4d.flac?AWSAccessKeyId=AKIA45B7YWBX7MUJ7QCX&Expires=1777992444&Signature=atMvn8TZCjx9a8z1SyE8bmKBE7Y%3D,0.263428,6404
1130144801,MRam-2020-05-04_09-00.flac,2020 Markham Ravine,2020,5,4,9,0,Agelaius tricolor,Simple Call,50.9067,51.7387,844,13500,24000,present,https://rfcx-streams-production.s3.eu-west-1.amazonaws.com/2020/05/04/r45nxoutv671/edc2cfcf-14eb-3ca7-c812-f7d5c796fc4d.flac?AWSAccessKeyId=AKIA45B7YWBX7MUJ7QCX&Expires=1777992444&Signature=atMvn8TZCjx9a8z1SyE8bmKBE7Y%3D,0.23427,6404
1130144802,MRam-2020-05-12_18-40.flac,2020 Markham Ravine,2020,5,12,18,40,Agelaius tricolor,Simple Call,20.208,21.04,844,13500,24000,present,https://rfcx-streams-production.s3.eu-west-1.amazonaws.com/2020/05/12/r45nxoutv671/98b1584a-0f8e-38f7-d234-0f40aad6fc45.flac?AWSAccessKeyId=AKIA45B7YWBX7MUJ7QCX&Expires=1777992444&Signature=VK60hVgtwN2kiHndOBEeLXLWBwo%3D,0.320409,6404
1130144803,MRam-2020-05-12_18-40.flac,2020 Markham Ravine,2020,5,12,18,40,Agelaius tricolor,Simple Call,48.5333,49.3653,844,13500,24000,(not validated),https://rfcx-streams-production.s3.eu-west-1.amazonaws.com/2020/05/12/r45nxoutv671/98b1584a-0f8e-38f7-d234-0f40aad6fc45.flac?AWSAccessKeyId=AKIA45B7YWBX7MUJ7QCX&Expires=1777992444&Signature=VK60hVgtwN2kiHndOBEeLXLWBwo%3D,0.249876,6404
1130144804,MRam-2020-05-12_18-40.flac,2020 Markham Ravine,2020,5,12,18,40,Agelaius tricolor,Simple Call,29.888,30.72,844,13500,24000,(not validated),https://rfcx-streams-production.s3.eu-west-1.amazonaws.com/2020/05/12/r45nxoutv671/98b1584a-0f8e-38f7-d234-0f40aad6fc45.flac?AWSAccessKeyId=AKIA45B7YWBX7MUJ7QCX&Expires=1777992444&Signature=VK60hVgtwN2kiHndOBEeLXLWBwo%3D,0.228649,6404
1130144805,MRam-2020-05-12_18-40.flac,2020 Markham Ravine,2020,5,12,18,40,Agelaius tricolor,Simple Call,20.9547,21.7867,844,13500,24000,present,https://rfcx-streams-production.s3.eu-west-1.amazonaws.com/2020/05/12/r45nxoutv671/98b1584a-0f8e-38f7-d234-0f40aad6fc45.flac?AWSAccessKeyId=AKIA45B7YWBX7MUJ7QCX&Expires=1777992444&Signature=VK60hVgtwN2kiHndOBEeLXLWBwo%3D,0.224807,6404
1130144806,MRam-2020-05-12_18-40.flac,2020 Markham Ravine,2020,5,12,18,40,Agelaius tricolor,Simple Call,21.376,22.208,844,13500,24000,present,https://rfcx-streams-production.s3.eu-west-1.amazonaws.com/2020/05/12/r45nxoutv671/98b1584a-0f8e-38f7-d234-0f40aad6fc45.flac?AWSAccessKeyId=AKIA45B7YWBX7MUJ7QCX&Expires=1777992444&Signature=VK60hVgtwN2kiHndOBEeLXLWBwo%3D,0.204836,6404
1130144807,MRam-2020-05-12_18-40.flac,2020 Markham Ravine,2020,5,12,18,40,Agelaius tricolor,Simple Call,32.0427,32.8747,844,13500,24000,(not validated),https://rfcx-streams-production.s3.eu-west-1.amazonaws.com/2020/05/12/r45nxoutv671/98b1584a-0f8e-38f7-d234-0f40aad6fc45.flac?AWSAccessKeyId=AKIA45B7YWBX7MUJ7QCX&Expires=1777992444&Signature=VK60hVgtwN2kiHndOBEeLXLWBwo%3D,0.200055,6404
1130144808,MRam-2020-05-18_09-20.flac,2020 Markham Ravine,2020,5,18,9,20,Agelaius tricolor,Simple Call,34.0533,34.8853,844,13500,24000,present,https://rfcx-streams-production.s3.eu-west-1.amazonaws.com/2020/05/18/r45nxoutv671/d6ca3cf7-e366-1a7d-d1cb-ba584ec2f1bb.flac?AWSAccessKeyId=AKIA45B7YWBX7MUJ7QCX&Expires=1777992444&Signature=0moIa%2B4SR7%2BL3xxRHmB6b1j8BYs%3D,0.239361,6404
1130144809,MRam-2020-05-18_09-20.flac,2020 Markham Ravine,2020,5,18,9,20,Agelaius tricolor,Simple Call,34.48,35.312,844,13500,24000,present,https://rfcx-streams-production.s3.eu-west-1.amazonaws.com/2020/05/18/r45nxoutv671/d6ca3cf7-e366-1a7d-d1cb-ba584ec2f1bb.flac?AWSAccessKeyId=AKIA45B7YWBX7MUJ7QCX&Expires=1777992444&Signature=0moIa%2B4SR7%2BL3xxRHmB6b1j8BYs%3D,0.238524,6404
1130144810,MRam-2020-05-18_09-20.flac,2020 Markham Ravine,2020,5,18,9,20,Agelaius tricolor,Simple Call,43.056,43.888,844,13500,24000,(not validated),https://rfcx-streams-production.s3.eu-west-1.amazonaws.com/2020/05/18/r45nxoutv671/d6ca3cf7-e366-1a7d-d1cb-ba584ec2f1bb.flac?AWSAccessKeyId=AKIA45B7YWBX7MUJ7QCX&Expires=1777992444&Signature=0moIa%2B4SR7%2BL3xxRHmB6b1j8BYs%3D,0.200577,6404
1130144811,MRam-2020-05-23_09-40.flac,2020 Markham Ravine,2020,5,23,9,40,Agelaius tricolor,Simple Call,50.368,51.2,844,13500,24000,present,https://rfcx-streams-production.s3.eu-west-1.amazonaws.com/2020/05/23/r45nxoutv671/998efc60-4b81-b676-0e50-66daa6fd5f3f.flac?AWSAccessKeyId=AKIA45B7YWBX7MUJ7QCX&Expires=1777992444&Signature=h%2FfEbpS%2BCoQfN3ntJN7fI0LiM%2FA%3D,0.208846,6404
1130144812,MRam-2020-05-23_17-00.flac,2020 Markham Ravine,2020,5,23,17,0,Agelaius tricolor,Simple Call,42.5547,43.3867,844,13500,24000,present,https://rfcx-streams-production.s3.eu-west-1.amazonaws.com/2020/05/23/r45nxoutv671/740ea86d-aa22-6840-cd47-16f822e9af87.flac?AWSAccessKeyId=AKIA45B7YWBX7MUJ7QCX&Expires=1777992444&Signature=v2ZGT%2FTxyQKaYE2Sq9%2B7zGR6HjI%3D,0.2716,6404
1130144813,MRam-2020-05-23_17-00.flac,2020 Markham Ravine,2020,5,23,17,0,Agelaius tricolor,Simple Call,10.832,11.664,844,13500,24000,(not validated),https://rfcx-streams-production.s3.eu-west-1.amazonaws.com/2020/05/23/r45nxoutv671/740ea86d-aa22-6840-cd47-16f822e9af87.flac?AWSAccessKeyId=AKIA45B7YWBX7MUJ7QCX&Expires=1777992444&Signature=v2ZGT%2FTxyQKaYE2Sq9%2B7zGR6HjI%3D,0.231606,6404
1130144814,MRam-2020-05-23_17-00.flac,2020 Markham Ravine,2020,5,23,17,0,Agelaius tricolor,Simple Call,58.6827,59.5147,844,13500,24000,(not validated),https://rfcx-streams-production.s3.eu-west-1.amazonaws.com/2020/05/23/r45nxoutv671/740ea86d-aa22-6840-cd47-16f822e9af87.flac?AWSAccessKeyId=AKIA45B7YWBX7MUJ7QCX&Expires=1777992444&Signature=v2ZGT%2FTxyQKaYE2Sq9%2B7zGR6HjI%3D,0.230048,6404
1130144815,MRam-2020-05-23_17-00.flac,2020 Markham Ravine,2020,5,23,17,0,Agelaius tricolor,Simple Call,47.5733,48.4053,844,13500,24000,present,https://rfcx-streams-production.s3.eu-west-1.amazonaws.com/2020/05/23/r45nxoutv671/740ea86d-aa22-6840-cd47-16f822e9af87.flac?AWSAccessKeyId=AKIA45B7YWBX7MUJ7QCX&Expires=1777992444&Signature=v2ZGT%2FTxyQKaYE2Sq9%2B7zGR6HjI%3D,0.226994,6404
1130144816,MRam-2020-05-23_17-00.flac,2020 Markham Ravine,2020,5,23,17,0,Agelaius tricolor,Simple Call,26.3733,27.2053,844,13500,24000,(not validated),https://rfcx-streams-production.s3.eu-west-1.amazonaws.com/2020/05/23/r45nxoutv671/740ea86d-aa22-6840-cd47-16f822e9af87.flac?AWSAccessKeyId=AKIA45B7YWBX7MUJ7QCX&Expires=1777992444&Signature=v2ZGT%2FTxyQKaYE2Sq9%2B7zGR6HjI%3D,0.225117,6404
1130144817,MRam-2020-05-23_17-00.flac,2020 Markham Ravine,2020,5,23,17,0,Agelaius tricolor,Simple Call,11.2533,12.0853,844,13500,24000,(not validated),https://rfcx-streams-production.s3.eu-west-1.amazonaws.com/2020/05/23/r45nxoutv671/740ea86d-aa22-6840-cd47-16f822e9af87.flac?AWSAccessKeyId=AKIA45B7YWBX7MUJ7QCX&Expires=1777992444&Signature=v2ZGT%2FTxyQKaYE2Sq9%2B7zGR6HjI%3D,0.219355,6404
1130144818,MRam-2020-05-27_15-20.flac,2020 Markham Ravine,2020,5,27,15,20,Agelaius tricolor,Simple Call,7.38667,8.21867,844,13500,24000,present,https://rfcx-streams-production.s3.eu-west-1.amazonaws.com/2020/05/27/r45nxoutv671/8b42fcd6-4333-b3d3-a212-c6df03389f28.flac?AWSAccessKeyId=AKIA45B7YWBX7MUJ7QCX&Expires=1777992444&Signature=nCK7cEmNi%2F3Wu5LLJi9%2BryRxh4Q%3D,0.330723,6404
1130144819,MRam-2020-05-27_15-20.flac,2020 Markham Ravine,2020,5,27,15,20,Agelaius tricolor,Simple Call,15.4347,16.2667,844,13500,24000,present,https://rfcx-streams-production.s3.eu-west-1.amazonaws.com/2020/05/27/r45nxoutv671/8b42fcd6-4333-b3d3-a212-c6df03389f28.flac?AWSAccessKeyId=AKIA45B7YWBX7MUJ7QCX&Expires=1777992444&Signature=nCK7cEmNi%2F3Wu5LLJi9%2BryRxh4Q%3D,0.316133,6404
1130144820,MRam-2020-05-27_15-20.flac,2020 Markham Ravine,2020,5,27,15,20,Agelaius tricolor,Simple Call,45.7707,46.6027,844,13500,24000,(not validated),https://rfcx-streams-production.s3.eu-west-1.amazonaws.com/2020/05/27/r45nxoutv671/8b42fcd6-4333-b3d3-a212-c6df03389f28.flac?AWSAccessKeyId=AKIA45B7YWBX7MUJ7QCX&Expires=1777992444&Signature=nCK7cEmNi%2F3Wu5LLJi9%2BryRxh4Q%3D,0.306436,6404
1130144821,MRam-2020-05-27_15-20.flac,2020 Markham Ravine,2020,5,27,15,20,Agelaius tricolor,Simple Call,15.0187,15.8507,844,13500,24000,present,https://rfcx-streams-production.s3.eu-west-1.amazonaws.com/2020/05/27/r45nxoutv671/8b42fcd6-4333-b3d3-a212-c6df03389f28.flac?AWSAccessKeyId=AKIA45B7YWBX7MUJ7QCX&Expires=1777992444&Signature=nCK7cEmNi%2F3Wu5LLJi9%2BryRxh4Q%3D,0.30378,6404
1130144822,MRam-2020-05-27_15-20.flac,2020 Markham Ravine,2020,5,27,15,20,Agelaius tricolor,Simple Call,7.824,8.656,844,13500,24000,present,https://rfcx-streams-production.s3.eu-west-1.amazonaws.com/2020/05/27/r45nxoutv671/8b42fcd6-4333-b3d3-a212-c6df03389f28.flac?AWSAccessKeyId=AKIA45B7YWBX7MUJ7QCX&Expires=1777992444&Signature=nCK7cEmNi%2F3Wu5LLJi9%2BryRxh4Q%3D,0.3021,6404
1130144823,MRam-2020-05-27_15-20.flac,2020 Markham Ravine,2020,5,27,15,20,Agelaius tricolor,Simple Call,45.3387,46.1707,844,13500,24000,(not validated),https://rfcx-streams-production.s3.eu-west-1.amazonaws.com/2020/05/27/r45nxoutv671/8b42fcd6-4333-b3d3-a212-c6df03389f28.flac?AWSAccessKeyId=AKIA45B7YWBX7MUJ7QCX&Expires=1777992444&Signature=nCK7cEmNi%2F3Wu5LLJi9%2BryRxh4Q%3D,0.284216,6404
1130144824,MRam-2020-05-27_15-20.flac,2020 Markham Ravine,2020,5,27,15,20,Agelaius tricolor,Simple Call,10.8,11.632,844,13500,24000,present,https://rfcx-streams-production.s3.eu-west-1.amazonaws.com/2020/05/27/r45nxoutv671/8b42fcd6-4333-b3d3-a212-c6df03389f28.flac?AWSAccessKeyId=AKIA45B7YWBX7MUJ7QCX&Expires=1777992444&Signature=nCK7cEmNi%2F3Wu5LLJi9%2BryRxh4Q%3D,0.282986,6404
1130144825,MRam-2020-05-27_15-20.flac,2020 Markham Ravine,2020,5,27,15,20,Agelaius tricolor,Simple Call,39.744,40.576,844,13500,24000,(not validated),https://rfcx-streams-production.s3.eu-west-1.amazonaws.com/2020/05/27/r45nxoutv671/8b42fcd6-4333-b3d3-a212-c6df03389f28.flac?AWSAccessKeyId=AKIA45B7YWBX7MUJ7QCX&Expires=1777992444&Signature=nCK7cEmNi%2F3Wu5LLJi9%2BryRxh4Q%3D,0.225711,6404
1130144826,MRam-2020-05-27_15-20.flac,2020 Markham Ravine,2020,5,27,15,20,Agelaius tricolor,Simple Call,26.2187,27.0507,844,13500,24000,(not validated),https://rfcx-streams-production.s3.eu-west-1.amazonaws.com/2020/05/27/r45nxoutv671/8b42fcd6-4333-b3d3-a212-c6df03389f28.flac?AWSAccessKeyId=AKIA45B7YWBX7MUJ7QCX&Expires=1777992444&Signature=nCK7cEmNi%2F3Wu5LLJi9%2BryRxh4Q%3D,0.221551,6404
1130144827,MRam-2020-05-27_15-20.flac,2020 Markham Ravine,2020,5,27,15,20,Agelaius tricolor,Simple Call,26.6453,27.4773,844,13500,24000,(not validated),https://rfcx-streams-production.s3.eu-west-1.amazonaws.com/2020/05/27/r45nxoutv671/8b42fcd6-4333-b3d3-a212-c6df03389f28.flac?AWSAccessKeyId=AKIA45B7YWBX7MUJ7QCX&Expires=1777992444&Signature=nCK7cEmNi%2F3Wu5LLJi9%2BryRxh4Q%3D,0.216005,6404
1130144828,MRam-2020-05-11_08-40.flac,2020 Markham Ravine,2020,5,11,8,40,Agelaius tricolor,Simple Call,33.712,34.544,844,13500,24000,(not validated),https://rfcx-streams-production.s3.eu-west-1.amazonaws.com/2020/05/11/r45nxoutv671/53f11ebd-4ed3-2f15-8dc8-16ef5a499280.flac?AWSAccessKeyId=AKIA45B7YWBX7MUJ7QCX&Expires=1777992444&Signature=%2FkJEiDYAJLbHq00pi6UUb8bSRTc%3D,0.225981,6404
1130144829,MRam-2020-05-11_08-40.flac,2020 Markham Ravine,2020,5,11,8,40,Agelaius tricolor,Simple Call,36.8267,37.6587,844,13500,24000,(not validated),https://rfcx-streams-production.s3.eu-west-1.amazonaws.com/2020/05/11/r45nxoutv671/53f11ebd-4ed3-2f15-8dc8-16ef5a499280.flac?AWSAccessKeyId=AKIA45B7YWBX7MUJ7QCX&Expires=1777992444&Signature=%2FkJEiDYAJLbHq00pi6UUb8bSRTc%3D,0.213203,6404
1130144830,MRam-2020-05-13_07-20.flac,2020 Markham Ravine,2020,5,13,7,20,Agelaius tricolor,Simple Call,4.01067,4.84267,844,13500,24000,present,https://rfcx-streams-production.s3.eu-west-1.amazonaws.com/2020/05/13/r45nxoutv671/52f21603-d2b3-4666-ee2d-690508e2d403.flac?AWSAccessKeyId=AKIA45B7YWBX7MUJ7QCX&Expires=1777992444&Signature=e9DNLaLxtpU8gc%2FaxgdTbYGM1Yw%3D,0.326491,6404
1130144831,MRam-2020-05-13_07-20.flac,2020 Markham Ravine,2020,5,13,7,20,Agelaius tricolor,Simple Call,39.2213,40.0533,844,13500,24000,present,https://rfcx-streams-production.s3.eu-west-1.amazonaws.com/2020/05/13/r45nxoutv671/52f21603-d2b3-4666-ee2d-690508e2d403.flac?AWSAccessKeyId=AKIA45B7YWBX7MUJ7QCX&Expires=1777992444&Signature=e9DNLaLxtpU8gc%2FaxgdTbYGM1Yw%3D,0.272597,6404
1130144832,MRam-2020-05-13_07-20.flac,2020 Markham Ravine,2020,5,13,7,20,Agelaius tricolor,Simple Call,0.72,1.552,844,13500,24000,(not validated),https://rfcx-streams-production.s3.eu-west-1.amazonaws.com/2020/05/13/r45nxoutv671/52f21603-d2b3-4666-ee2d-690508e2d403.flac?AWSAccessKeyId=AKIA45B7YWBX7MUJ7QCX&Expires=1777992444&Signature=e9DNLaLxtpU8gc%2FaxgdTbYGM1Yw%3D,0.263936,6404
1130144833,MRam-2020-05-13_07-20.flac,2020 Markham Ravine,2020,5,13,7,20,Agelaius tricolor,Simple Call,34.5493,35.3813,844,13500,24000,present,https://rfcx-streams-production.s3.eu-west-1.amazonaws.com/2020/05/13/r45nxoutv671/52f21603-d2b3-4666-ee2d-690508e2d403.flac?AWSAccessKeyId=AKIA45B7YWBX7MUJ7QCX&Expires=1777992444&Signature=e9DNLaLxtpU8gc%2FaxgdTbYGM1Yw%3D,0.256722,6404
1130144834,MRam-2020-05-13_07-20.flac,2020 Markham Ravine,2020,5,13,7,20,Agelaius tricolor,Simple Call,40.4267,41.2587,844,13500,24000,present,https://rfcx-streams-production.s3.eu-west-1.amazonaws.com/2020/05/13/r45nxoutv671/52f21603-d2b3-4666-ee2d-690508e2d403.flac?AWSAccessKeyId=AKIA45B7YWBX7MUJ7QCX&Expires=1777992444&Signature=e9DNLaLxtpU8gc%2FaxgdTbYGM1Yw%3D,0.246127,6404
1130144835,MRam-2020-05-13_07-20.flac,2020 Markham Ravine,2020,5,13,7,20,Agelaius tricolor,Simple Call,4.43733,5.26933,844,13500,24000,present,https://rfcx-streams-production.s3.eu-west-1.amazonaws.com/2020/05/13/r45nxoutv671/52f21603-d2b3-4666-ee2d-690508e2d403.flac?AWSAccessKeyId=AKIA45B7YWBX7MUJ7QCX&Expires=1777992444&Signature=e9DNLaLxtpU8gc%2FaxgdTbYGM1Yw%3D,0.242199,6404
1130144836,MRam-2020-05-13_07-20.flac,2020 Markham Ravine,2020,5,13,7,20,Agelaius tricolor,Simple Call,39.6533,40.4853,844,13500,24000,(not validated),https://rfcx-streams-production.s3.eu-west-1.amazonaws.com/2020/05/13/r45nxoutv671/52f21603-d2b3-4666-ee2d-690508e2d403.flac?AWSAccessKeyId=AKIA45B7YWBX7MUJ7QCX&Expires=1777992444&Signature=e9DNLaLxtpU8gc%2FaxgdTbYGM1Yw%3D,0.233652,6404
1130144837,MRam-2020-05-13_07-20.flac,2020 Markham Ravine,2020,5,13,7,20,Agelaius tricolor,Simple Call,1.17333,2.00533,844,13500,24000,(not validated),https://rfcx-streams-production.s3.eu-west-1.amazonaws.com/2020/05/13/r45nxoutv671/52f21603-d2b3-4666-ee2d-690508e2d403.flac?AWSAccessKeyId=AKIA45B7YWBX7MUJ7QCX&Expires=1777992444&Signature=e9DNLaLxtpU8gc%2FaxgdTbYGM1Yw%3D,0.22033,6404
1130144838,MRam-2020-05-13_07-20.flac,2020 Markham Ravine,2020,5,13,7,20,Agelaius tricolor,Simple Call,37.9787,38.8107,844,13500,24000,(not validated),https://rfcx-streams-production.s3.eu-west-1.amazonaws.com/2020/05/13/r45nxoutv671/52f21603-d2b3-4666-ee2d-690508e2d403.flac?AWSAccessKeyId=AKIA45B7YWBX7MUJ7QCX&Expires=1777992444&Signature=e9DNLaLxtpU8gc%2FaxgdTbYGM1Yw%3D,0.206934,6404
1130144839,MRam-2020-05-13_07-20.flac,2020 Markham Ravine,2020,5,13,7,20,Agelaius tricolor,Simple Call,40.8747,41.7067,844,13500,24000,present,https://rfcx-streams-production.s3.eu-west-1.amazonaws.com/2020/05/13/r45nxoutv671/52f21603-d2b3-4666-ee2d-690508e2d403.flac?AWSAccessKeyId=AKIA45B7YWBX7MUJ7QCX&Expires=1777992444&Signature=e9DNLaLxtpU8gc%2FaxgdTbYGM1Yw%3D,0.203953,6404
1130144840,MRam-2020-05-13_17-00.flac,2020 Markham Ravine,2020,5,13,17,0,Agelaius tricolor,Simple Call,37.712,38.544,844,13500,24000,present,https://rfcx-streams-production.s3.eu-west-1.amazonaws.com/2020/05/13/r45nxoutv671/31eda398-6efb-686d-f769-59e4141f7167.flac?AWSAccessKeyId=AKIA45B7YWBX7MUJ7QCX&Expires=1777992444&Signature=j5OQdwLpXOxR1JXkYNxu2u2Ft1Q%3D,0.278141,6404
1130144841,MRam-2020-05-13_17-00.flac,2020 Markham Ravine,2020,5,13,17,0,Agelaius tricolor,Simple Call,37.2907,38.1227,844,13500,24000,present,https://rfcx-streams-production.s3.eu-west-1.amazonaws.com/2020/05/13/r45nxoutv671/31eda398-6efb-686d-f769-59e4141f7167.flac?AWSAccessKeyId=AKIA45B7YWBX7MUJ7QCX&Expires=1777992444&Signature=j5OQdwLpXOxR1JXkYNxu2u2Ft1Q%3D,0.268058,6404
1130144842,MRam-2020-05-13_17-00.flac,2020 Markham Ravine,2020,5,13,17,0,Agelaius tricolor,Simple Call,4.256,5.088,844,13500,24000,(not validated),https://rfcx-streams-production.s3.eu-west-1.amazonaws.com/2020/05/13/r45nxoutv671/31eda398-6efb-686d-f769-59e4141f7167.flac?AWSAccessKeyId=AKIA45B7YWBX7MUJ7QCX&Expires=1777992444&Signature=j5OQdwLpXOxR1JXkYNxu2u2Ft1Q%3D,0.221304,6404
1130144843,MRam-2020-05-21_08-40.flac,2020 Markham Ravine,2020,5,21,8,40,Agelaius tricolor,Simple Call,13.136,13.968,844,13500,24000,present,https://rfcx-streams-production.s3.eu-west-1.amazonaws.com/2020/05/21/r45nxoutv671/bb021e1a-7ba3-ec1b-2e7d-329deaaa147a.flac?AWSAccessKeyId=AKIA45B7YWBX7MUJ7QCX&Expires=1777992444&Signature=jXISxWoQlW64m%2FczWgDWB76it2w%3D,0.316331,6404
1130144844,MRam-2020-05-21_08-40.flac,2020 Markham Ravine,2020,5,21,8,40,Agelaius tricolor,Simple Call,13.5573,14.3893,844,13500,24000,present,https://rfcx-streams-production.s3.eu-west-1.amazonaws.com/2020/05/21/r45nxoutv671/bb021e1a-7ba3-ec1b-2e7d-329deaaa147a.flac?AWSAccessKeyId=AKIA45B7YWBX7MUJ7QCX&Expires=1777992444&Signature=jXISxWoQlW64m%2FczWgDWB76it2w%3D,0.314792,6404
1130144845,MRam-2020-05-21_08-40.flac,2020 Markham Ravine,2020,5,21,8,40,Agelaius tricolor,Simple Call,8.45333,9.28533,844,13500,24000,present,https://rfcx-streams-production.s3.eu-west-1.amazonaws.com/2020/05/21/r45nxoutv671/bb021e1a-7ba3-ec1b-2e7d-329deaaa147a.flac?AWSAccessKeyId=AKIA45B7YWBX7MUJ7QCX&Expires=1777992444&Signature=jXISxWoQlW64m%2FczWgDWB76it2w%3D,0.276126,6404
1130144846,MRam-2020-05-21_08-40.flac,2020 Markham Ravine,2020,5,21,8,40,Agelaius tricolor,Simple Call,8.016,8.848,844,13500,24000,present,https://rfcx-streams-production.s3.eu-west-1.amazonaws.com/2020/05/21/r45nxoutv671/bb021e1a-7ba3-ec1b-2e7d-329deaaa147a.flac?AWSAccessKeyId=AKIA45B7YWBX7MUJ7QCX&Expires=1777992444&Signature=jXISxWoQlW64m%2FczWgDWB76it2w%3D,0.265836,6404
1130144847,MRam-2020-05-21_18-20.flac,2020 Markham Ravine,2020,5,21,18,20,Agelaius tricolor,Simple Call,44.5973,45.4293,844,13500,24000,present,https://rfcx-streams-production.s3.eu-west-1.amazonaws.com/2020/05/21/r45nxoutv671/88b8edbf-b525-d5cf-cc39-7b06d9a0aa45.flac?AWSAccessKeyId=AKIA45B7YWBX7MUJ7QCX&Expires=1777992444&Signature=0N7%2F5OIGmaelzVoInx23hjIT9Og%3D,0.238748,6404
1130144848,MRam-2020-05-21_18-20.flac,2020 Markham Ravine,2020,5,21,18,20,Agelaius tricolor,Simple Call,1.456,2.288,844,13500,24000,present,https://rfcx-streams-production.s3.eu-west-1.amazonaws.com/2020/05/21/r45nxoutv671/88b8edbf-b525-d5cf-cc39-7b06d9a0aa45.flac?AWSAccessKeyId=AKIA45B7YWBX7MUJ7QCX&Expires=1777992444&Signature=0N7%2F5OIGmaelzVoInx23hjIT9Og%3D,0.236449,6404
1130144849,MRam-2020-05-21_18-20.flac,2020 Markham Ravine,2020,5,21,18,20,Agelaius tricolor,Simple Call,53.0667,53.8987,844,13500,24000,present,https://rfcx-streams-production.s3.eu-west-1.amazonaws.com/2020/05/21/r45nxoutv671/88b8edbf-b525-d5cf-cc39-7b06d9a0aa45.flac?AWSAccessKeyId=AKIA45B7YWBX7MUJ7QCX&Expires=1777992444&Signature=0N7%2F5OIGmaelzVoInx23hjIT9Og%3D,0.231228,6404
1130144850,MRam-2020-05-21_18-20.flac,2020 Markham Ravine,2020,5,21,18,20,Agelaius tricolor,Simple Call,37.8987,38.7307,844,13500,24000,present,https://rfcx-streams-production.s3.eu-west-1.amazonaws.com/2020/05/21/r45nxoutv671/88b8edbf-b525-d5cf-cc39-7b06d9a0aa45.flac?AWSAccessKeyId=AKIA45B7YWBX7MUJ7QCX&Expires=1777992444&Signature=0N7%2F5OIGmaelzVoInx23hjIT9Og%3D,0.223715,6404
1130144851,MRam-2020-05-21_18-20.flac,2020 Markham Ravine,2020,5,21,18,20,Agelaius tricolor,Simple Call,1.04,1.872,844,13500,24000,present,https://rfcx-streams-production.s3.eu-west-1.amazonaws.com/2020/05/21/r45nxoutv671/88b8edbf-b525-d5cf-cc39-7b06d9a0aa45.flac?AWSAccessKeyId=AKIA45B7YWBX7MUJ7QCX&Expires=1777992444&Signature=0N7%2F5OIGmaelzVoInx23hjIT9Og%3D,0.219895,6404
1130144852,MRam-2020-05-21_18-20.flac,2020 Markham Ravine,2020,5,21,18,20,Agelaius tricolor,Simple Call,14.144,14.976,844,13500,24000,(not validated),https://rfcx-streams-production.s3.eu-west-1.amazonaws.com/2020/05/21/r45nxoutv671/88b8edbf-b525-d5cf-cc39-7b06d9a0aa45.flac?AWSAccessKeyId=AKIA45B7YWBX7MUJ7QCX&Expires=1777992444&Signature=0N7%2F5OIGmaelzVoInx23hjIT9Og%3D,0.207565,6404
1130144853,MRam-2020-05-21_18-20.flac,2020 Markham Ravine,2020,5,21,18,20,Agelaius tricolor,Simple Call,20.9387,21.7707,844,13500,24000,present,https://rfcx-streams-production.s3.eu-west-1.amazonaws.com/2020/05/21/r45nxoutv671/88b8edbf-b525-d5cf-cc39-7b06d9a0aa45.flac?AWSAccessKeyId=AKIA45B7YWBX7MUJ7QCX&Expires=1777992444&Signature=0N7%2F5OIGmaelzVoInx23hjIT9Og%3D,0.200264,6404
1130144854,MRam-2020-05-23_11-00.flac,2020 Markham Ravine,2020,5,23,11,0,Agelaius tricolor,Simple Call,41.8613,42.6933,844,13500,24000,present,https://rfcx-streams-production.s3.eu-west-1.amazonaws.com/2020/05/23/r45nxoutv671/5f044ceb-8870-f918-9ea6-da7d8b0eaa84.flac?AWSAccessKeyId=AKIA45B7YWBX7MUJ7QCX&Expires=1777992444&Signature=uooD2nqkhq9wSbk2YhD3MDj%2Fspg%3D,0.272294,6404
1130144855,MRam-2020-05-23_11-00.flac,2020 Markham Ravine,2020,5,23,11,0,Agelaius tricolor,Simple Call,7.89867,8.73067,844,13500,24000,(not validated),https://rfcx-streams-production.s3.eu-west-1.amazonaws.com/2020/05/23/r45nxoutv671/5f044ceb-8870-f918-9ea6-da7d8b0eaa84.flac?AWSAccessKeyId=AKIA45B7YWBX7MUJ7QCX&Expires=1777992444&Signature=uooD2nqkhq9wSbk2YhD3MDj%2Fspg%3D,0.231654,6404
1130144856,MRam-2020-05-23_11-00.flac,2020 Markham Ravine,2020,5,23,11,0,Agelaius tricolor,Simple Call,58.0907,58.9227,844,13500,24000,present,https://rfcx-streams-production.s3.eu-west-1.amazonaws.com/2020/05/23/r45nxoutv671/5f044ceb-8870-f918-9ea6-da7d8b0eaa84.flac?AWSAccessKeyId=AKIA45B7YWBX7MUJ7QCX&Expires=1777992444&Signature=uooD2nqkhq9wSbk2YhD3MDj%2Fspg%3D,0.223795,6404
1130144857,MRam-2020-05-23_11-00.flac,2020 Markham Ravine,2020,5,23,11,0,Agelaius tricolor,Simple Call,45.6907,46.5227,844,13500,24000,present,https://rfcx-streams-production.s3.eu-west-1.amazonaws.com/2020/05/23/r45nxoutv671/5f044ceb-8870-f918-9ea6-da7d8b0eaa84.flac?AWSAccessKeyId=AKIA45B7YWBX7MUJ7QCX&Expires=1777992444&Signature=uooD2nqkhq9wSbk2YhD3MDj%2Fspg%3D,0.2117,6404
1130144858,MRam-2020-05-23_11-00.flac,2020 Markham Ravine,2020,5,23,11,0,Agelaius tricolor,Simple Call,57.6693,58.5013,844,13500,24000,present,https://rfcx-streams-production.s3.eu-west-1.amazonaws.com/2020/05/23/r45nxoutv671/5f044ceb-8870-f918-9ea6-da7d8b0eaa84.flac?AWSAccessKeyId=AKIA45B7YWBX7MUJ7QCX&Expires=1777992444&Signature=uooD2nqkhq9wSbk2YhD3MDj%2Fspg%3D,0.2054,6404
1130144859,MRam-2020-05-23_11-00.flac,2020 Markham Ravine,2020,5,23,11,0,Agelaius tricolor,Simple Call,7.48267,8.31467,844,13500,24000,present,https://rfcx-streams-production.s3.eu-west-1.amazonaws.com/2020/05/23/r45nxoutv671/5f044ceb-8870-f918-9ea6-da7d8b0eaa84.flac?AWSAccessKeyId=AKIA45B7YWBX7MUJ7QCX&Expires=1777992444&Signature=uooD2nqkhq9wSbk2YhD3MDj%2Fspg%3D,0.204502,6404
1130144860,MRam-2020-05-23_11-00.flac,2020 Markham Ravine,2020,5,23,11,0,Agelaius tricolor,Simple Call,29.3013,30.1333,844,13500,24000,present,https://rfcx-streams-production.s3.eu-west-1.amazonaws.com/2020/05/23/r45nxoutv671/5f044ceb-8870-f918-9ea6-da7d8b0eaa84.flac?AWSAccessKeyId=AKIA45B7YWBX7MUJ7QCX&Expires=1777992444&Signature=uooD2nqkhq9wSbk2YhD3MDj%2Fspg%3D,0.204415,6404
1130144861,MRam-2020-05-27_11-20.flac,2020 Markham Ravine,2020,5,27,11,20,Agelaius tricolor,Simple Call,12.4427,13.2747,844,13500,24000,(not validated),https://rfcx-streams-production.s3.eu-west-1.amazonaws.com/2020/05/27/r45nxoutv671/798ffeb0-35b0-3dbf-119b-2d41370c4480.flac?AWSAccessKeyId=AKIA45B7YWBX7MUJ7QCX&Expires=1777992444&Signature=jz2%2FY3%2Fbe8adA27vZBjL%2FSOXdbo%3D,0.227898,6404
1130144862,MRam-2020-05-27_11-20.flac,2020 Markham Ravine,2020,5,27,11,20,Agelaius tricolor,Simple Call,12.8693,13.7013,844,13500,24000,present,https://rfcx-streams-production.s3.eu-west-1.amazonaws.com/2020/05/27/r45nxoutv671/798ffeb0-35b0-3dbf-119b-2d41370c4480.flac?AWSAccessKeyId=AKIA45B7YWBX7MUJ7QCX&Expires=1777992444&Signature=jz2%2FY3%2Fbe8adA27vZBjL%2FSOXdbo%3D,0.206271,6404
1130144863,MRam-2020-05-27_11-20.flac,2020 Markham Ravine,2020,5,27,11,20,Agelaius tricolor,Simple Call,28.64,29.472,844,13500,24000,(not validated),https://rfcx-streams-production.s3.eu-west-1.amazonaws.com/2020/05/27/r45nxoutv671/798ffeb0-35b0-3dbf-119b-2d41370c4480.flac?AWSAccessKeyId=AKIA45B7YWBX7MUJ7QCX&Expires=1777992444&Signature=jz2%2FY3%2Fbe8adA27vZBjL%2FSOXdbo%3D,0.20552,6404
1130144864,MRam-2020-05-10_09-20.flac,2020 Markham Ravine,2020,5,10,9,20,Agelaius tricolor,Simple Call,43.712,44.544,844,13500,24000,present,https://rfcx-streams-production.s3.eu-west-1.amazonaws.com/2020/05/10/r45nxoutv671/88e38c0d-03bb-fe4d-fca8-99f793bff1c7.flac?AWSAccessKeyId=AKIA45B7YWBX7MUJ7QCX&Expires=1777992444&Signature=cZGOgo5G0GUg6xxU8TH%2BvPrJMWc%3D,0.253545,6404
1130144865,MRam-2020-05-10_09-20.flac,2020 Markham Ravine,2020,5,10,9,20,Agelaius tricolor,Simple Call,48.08,48.912,844,13500,24000,present,https://rfcx-streams-production.s3.eu-west-1.amazonaws.com/2020/05/10/r45nxoutv671/88e38c0d-03bb-fe4d-fca8-99f793bff1c7.flac?AWSAccessKeyId=AKIA45B7YWBX7MUJ7QCX&Expires=1777992444&Signature=cZGOgo5G0GUg6xxU8TH%2BvPrJMWc%3D,0.220919,6404
1130144866,MRam-2020-05-10_09-20.flac,2020 Markham Ravine,2020,5,10,9,20,Agelaius tricolor,Simple Call,44.704,45.536,844,13500,24000,present,https://rfcx-streams-production.s3.eu-west-1.amazonaws.com/2020/05/10/r45nxoutv671/88e38c0d-03bb-fe4d-fca8-99f793bff1c7.flac?AWSAccessKeyId=AKIA45B7YWBX7MUJ7QCX&Expires=1777992444&Signature=cZGOgo5G0GUg6xxU8TH%2BvPrJMWc%3D,0.208052,6404
1130144867,MRam-2020-05-10_09-20.flac,2020 Markham Ravine,2020,5,10,9,20,Agelaius tricolor,Simple Call,47.6587,48.4907,844,13500,24000,present,https://rfcx-streams-production.s3.eu-west-1.amazonaws.com/2020/05/10/r45nxoutv671/88e38c0d-03bb-fe4d-fca8-99f793bff1c7.flac?AWSAccessKeyId=AKIA45B7YWBX7MUJ7QCX&Expires=1777992444&Signature=cZGOgo5G0GUg6xxU8TH%2BvPrJMWc%3D,0.206599,6404
1130144868,MRam-2020-05-01_10-40.flac,2020 Markham Ravine,2020,5,1,10,40,Agelaius tricolor,Simple Call,29.9147,30.7467,844,13500,24000,present,https://rfcx-streams-production.s3.eu-west-1.amazonaws.com/2020/05/01/r45nxoutv671/c56aa673-fb1e-1f18-b927-11f32067e57a.flac?AWSAccessKeyId=AKIA45B7YWBX7MUJ7QCX&Expires=1777992444&Signature=0VrqrCqb5Y6tB7iB9%2F3uVuhcDKI%3D,0.280026,6404
1130144869,MRam-2020-05-01_10-40.flac,2020 Markham Ravine,2020,5,1,10,40,Agelaius tricolor,Simple Call,29.248,30.08,844,13500,24000,present,https://rfcx-streams-production.s3.eu-west-1.amazonaws.com/2020/05/01/r45nxoutv671/c56aa673-fb1e-1f18-b927-11f32067e57a.flac?AWSAccessKeyId=AKIA45B7YWBX7MUJ7QCX&Expires=1777992444&Signature=0VrqrCqb5Y6tB7iB9%2F3uVuhcDKI%3D,0.259431,6404
1130144870,MRam-2020-05-10_07-20.flac,2020 Markham Ravine,2020,5,10,7,20,Agelaius tricolor,Simple Call,2.57067,3.40267,844,13500,24000,present,https://rfcx-streams-production.s3.eu-west-1.amazonaws.com/2020/05/10/r45nxoutv671/19d3d23c-7e8d-135e-31d7-b04d2f743d58.flac?AWSAccessKeyId=AKIA45B7YWBX7MUJ7QCX&Expires=1777992444&Signature=rvmrdVELgwEXSOGvXf6lJBw6sRk%3D,0.276567,6404
1130144871,MRam-2020-05-10_07-20.flac,2020 Markham Ravine,2020,5,10,7,20,Agelaius tricolor,Simple Call,2.11733,2.94933,844,13500,24000,present,https://rfcx-streams-production.s3.eu-west-1.amazonaws.com/2020/05/10/r45nxoutv671/19d3d23c-7e8d-135e-31d7-b04d2f743d58.flac?AWSAccessKeyId=AKIA45B7YWBX7MUJ7QCX&Expires=1777992444&Signature=rvmrdVELgwEXSOGvXf6lJBw6sRk%3D,0.275714,6404
1130144872,MRam-2020-05-10_07-20.flac,2020 Markham Ravine,2020,5,10,7,20,Agelaius tricolor,Simple Call,18.464,19.296,844,13500,24000,present,https://rfcx-streams-production.s3.eu-west-1.amazonaws.com/2020/05/10/r45nxoutv671/19d3d23c-7e8d-135e-31d7-b04d2f743d58.flac?AWSAccessKeyId=AKIA45B7YWBX7MUJ7QCX&Expires=1777992444&Signature=rvmrdVELgwEXSOGvXf6lJBw6sRk%3D,0.232985,6404
1130144873,MRam-2020-05-10_07-20.flac,2020 Markham Ravine,2020,5,10,7,20,Agelaius tricolor,Simple Call,54.352,55.184,844,13500,24000,(not validated),https://rfcx-streams-production.s3.eu-west-1.amazonaws.com/2020/05/10/r45nxoutv671/19d3d23c-7e8d-135e-31d7-b04d2f743d58.flac?AWSAccessKeyId=AKIA45B7YWBX7MUJ7QCX&Expires=1777992444&Signature=rvmrdVELgwEXSOGvXf6lJBw6sRk%3D,0.220178,6404
1130144874,MRam-2020-05-10_07-20.flac,2020 Markham Ravine,2020,5,10,7,20,Agelaius tricolor,Simple Call,3.70667,4.53867,844,13500,24000,(not validated),https://rfcx-streams-production.s3.eu-west-1.amazonaws.com/2020/05/10/r45nxoutv671/19d3d23c-7e8d-135e-31d7-b04d2f743d58.flac?AWSAccessKeyId=AKIA45B7YWBX7MUJ7QCX&Expires=1777992444&Signature=rvmrdVELgwEXSOGvXf6lJBw6sRk%3D,0.213174,6404
1130144875,MRam-2020-05-10_07-20.flac,2020 Markham Ravine,2020,5,10,7,20,Agelaius tricolor,Simple Call,41.088,41.92,844,13500,24000,(not validated),https://rfcx-streams-production.s3.eu-west-1.amazonaws.com/2020/05/10/r45nxoutv671/19d3d23c-7e8d-135e-31d7-b04d2f743d58.flac?AWSAccessKeyId=AKIA45B7YWBX7MUJ7QCX&Expires=1777992444&Signature=rvmrdVELgwEXSOGvXf6lJBw6sRk%3D,0.206919,6404
1130144876,MRam-2020-05-11_10-20.flac,2020 Markham Ravine,2020,5,11,10,20,Agelaius tricolor,Simple Call,16.0747,16.9067,844,13500,24000,present,https://rfcx-streams-production.s3.eu-west-1.amazonaws.com/2020/05/11/r45nxoutv671/00fc85c8-1808-ca39-ed25-3747a71b4b9d.flac?AWSAccessKeyId=AKIA45B7YWBX7MUJ7QCX&Expires=1777992444&Signature=eFvtl3ZvsUqeQsMDpEfj80wReI4%3D,0.311777,6404
1130144877,MRam-2020-05-11_10-20.flac,2020 Markham Ravine,2020,5,11,10,20,Agelaius tricolor,Simple Call,26.4747,27.3067,844,13500,24000,present,https://rfcx-streams-production.s3.eu-west-1.amazonaws.com/2020/05/11/r45nxoutv671/00fc85c8-1808-ca39-ed25-3747a71b4b9d.flac?AWSAccessKeyId=AKIA45B7YWBX7MUJ7QCX&Expires=1777992444&Signature=eFvtl3ZvsUqeQsMDpEfj80wReI4%3D,0.310487,6404
1130144878,MRam-2020-05-11_10-20.flac,2020 Markham Ravine,2020,5,11,10,20,Agelaius tricolor,Simple Call,25.1947,26.0267,844,13500,24000,present,https://rfcx-streams-production.s3.eu-west-1.amazonaws.com/2020/05/11/r45nxoutv671/00fc85c8-1808-ca39-ed25-3747a71b4b9d.flac?AWSAccessKeyId=AKIA45B7YWBX7MUJ7QCX&Expires=1777992444&Signature=eFvtl3ZvsUqeQsMDpEfj80wReI4%3D,0.305793,6404
1130144879,MRam-2020-05-11_10-20.flac,2020 Markham Ravine,2020,5,11,10,20,Agelaius tricolor,Simple Call,26.896,27.728,844,13500,24000,present,https://rfcx-streams-production.s3.eu-west-1.amazonaws.com/2020/05/11/r45nxoutv671/00fc85c8-1808-ca39-ed25-3747a71b4b9d.flac?AWSAccessKeyId=AKIA45B7YWBX7MUJ7QCX&Expires=1777992444&Signature=eFvtl3ZvsUqeQsMDpEfj80wReI4%3D,0.299756,6404
1130144880,MRam-2020-05-11_10-20.flac,2020 Markham Ravine,2020,5,11,10,20,Agelaius tricolor,Simple Call,13.7867,14.6187,844,13500,24000,present,https://rfcx-streams-production.s3.eu-west-1.amazonaws.com/2020/05/11/r45nxoutv671/00fc85c8-1808-ca39-ed25-3747a71b4b9d.flac?AWSAccessKeyId=AKIA45B7YWBX7MUJ7QCX&Expires=1777992444&Signature=eFvtl3ZvsUqeQsMDpEfj80wReI4%3D,0.293056,6404
1130144881,MRam-2020-05-11_10-20.flac,2020 Markham Ravine,2020,5,11,10,20,Agelaius tricolor,Simple Call,20.1227,20.9547,844,13500,24000,present,https://rfcx-streams-production.s3.eu-west-1.amazonaws.com/2020/05/11/r45nxoutv671/00fc85c8-1808-ca39-ed25-3747a71b4b9d.flac?AWSAccessKeyId=AKIA45B7YWBX7MUJ7QCX&Expires=1777992444&Signature=eFvtl3ZvsUqeQsMDpEfj80wReI4%3D,0.291421,6404
1130144882,MRam-2020-05-11_10-20.flac,2020 Markham Ravine,2020,5,11,10,20,Agelaius tricolor,Simple Call,16.512,17.344,844,13500,24000,present,https://rfcx-streams-production.s3.eu-west-1.amazonaws.com/2020/05/11/r45nxoutv671/00fc85c8-1808-ca39-ed25-3747a71b4b9d.flac?AWSAccessKeyId=AKIA45B7YWBX7MUJ7QCX&Expires=1777992444&Signature=eFvtl3ZvsUqeQsMDpEfj80wReI4%3D,0.284319,6404
1130144883,MRam-2020-05-11_10-20.flac,2020 Markham Ravine,2020,5,11,10,20,Agelaius tricolor,Simple Call,24.7733,25.6053,844,13500,24000,present,https://rfcx-streams-production.s3.eu-west-1.amazonaws.com/2020/05/11/r45nxoutv671/00fc85c8-1808-ca39-ed25-3747a71b4b9d.flac?AWSAccessKeyId=AKIA45B7YWBX7MUJ7QCX&Expires=1777992444&Signature=eFvtl3ZvsUqeQsMDpEfj80wReI4%3D,0.279903,6404
1130144884,MRam-2020-05-11_10-20.flac,2020 Markham Ravine,2020,5,11,10,20,Agelaius tricolor,Simple Call,17.5307,18.3627,844,13500,24000,present,https://rfcx-streams-production.s3.eu-west-1.amazonaws.com/2020/05/11/r45nxoutv671/00fc85c8-1808-ca39-ed25-3747a71b4b9d.flac?AWSAccessKeyId=AKIA45B7YWBX7MUJ7QCX&Expires=1777992444&Signature=eFvtl3ZvsUqeQsMDpEfj80wReI4%3D,0.26861,6404
1130144885,MRam-2020-05-11_10-20.flac,2020 Markham Ravine,2020,5,11,10,20,Agelaius tricolor,Simple Call,19.6747,20.5067,844,13500,24000,present,https://rfcx-streams-production.s3.eu-west-1.amazonaws.com/2020/05/11/r45nxoutv671/00fc85c8-1808-ca39-ed25-3747a71b4b9d.flac?AWSAccessKeyId=AKIA45B7YWBX7MUJ7QCX&Expires=1777992444&Signature=eFvtl3ZvsUqeQsMDpEfj80wReI4%3D,0.257516,6404
1130144886,MRam-2020-05-23_11-40.flac,2020 Markham Ravine,2020,5,23,11,40,Agelaius tricolor,Simple Call,18.24,19.072,844,13500,24000,present,https://rfcx-streams-production.s3.eu-west-1.amazonaws.com/2020/05/23/r45nxoutv671/cf046695-2568-5785-f2a0-664b90ff008f.flac?AWSAccessKeyId=AKIA45B7YWBX7MUJ7QCX&Expires=1777992444&Signature=KDpitlCm6jbIULOEYmemWuNCcv8%3D,0.256802,6404
1130144887,MRam-2020-05-23_11-40.flac,2020 Markham Ravine,2020,5,23,11,40,Agelaius tricolor,Simple Call,31.36,32.192,844,13500,24000,present,https://rfcx-streams-production.s3.eu-west-1.amazonaws.com/2020/05/23/r45nxoutv671/cf046695-2568-5785-f2a0-664b90ff008f.flac?AWSAccessKeyId=AKIA45B7YWBX7MUJ7QCX&Expires=1777992444&Signature=KDpitlCm6jbIULOEYmemWuNCcv8%3D,0.229365,6404
1130144888,MRam-2020-05-23_11-40.flac,2020 Markham Ravine,2020,5,23,11,40,Agelaius tricolor,Simple Call,18.656,19.488,844,13500,24000,present,https://rfcx-streams-production.s3.eu-west-1.amazonaws.com/2020/05/23/r45nxoutv671/cf046695-2568-5785-f2a0-664b90ff008f.flac?AWSAccessKeyId=AKIA45B7YWBX7MUJ7QCX&Expires=1777992444&Signature=KDpitlCm6jbIULOEYmemWuNCcv8%3D,0.225649,6404
1130144889,MRam-2020-05-23_11-40.flac,2020 Markham Ravine,2020,5,23,11,40,Agelaius tricolor,Simple Call,31.792,32.624,844,13500,24000,present,https://rfcx-streams-production.s3.eu-west-1.amazonaws.com/2020/05/23/r45nxoutv671/cf046695-2568-5785-f2a0-664b90ff008f.flac?AWSAccessKeyId=AKIA45B7YWBX7MUJ7QCX&Expires=1777992444&Signature=KDpitlCm6jbIULOEYmemWuNCcv8%3D,0.220401,6404
1130144890,MRam-2020-05-20_08-20.flac,2020 Markham Ravine,2020,5,20,8,20,Agelaius tricolor,Simple Call,48.2187,49.0507,844,13500,24000,present,https://rfcx-streams-production.s3.eu-west-1.amazonaws.com/2020/05/20/r45nxoutv671/439ac75d-c6be-abfd-c855-722165654939.flac?AWSAccessKeyId=AKIA45B7YWBX7MUJ7QCX&Expires=1777992444&Signature=B8bhKHpNb59%2BAdS9PxCFixeras4%3D,0.32501,6404
1130144891,MRam-2020-05-20_08-20.flac,2020 Markham Ravine,2020,5,20,8,20,Agelaius tricolor,Simple Call,46.2187,47.0507,844,13500,24000,present,https://rfcx-streams-production.s3.eu-west-1.amazonaws.com/2020/05/20/r45nxoutv671/439ac75d-c6be-abfd-c855-722165654939.flac?AWSAccessKeyId=AKIA45B7YWBX7MUJ7QCX&Expires=1777992444&Signature=B8bhKHpNb59%2BAdS9PxCFixeras4%3D,0.305041,6404
1130144892,MRam-2020-05-20_08-20.flac,2020 Markham Ravine,2020,5,20,8,20,Agelaius tricolor,Simple Call,45.7973,46.6293,844,13500,24000,present,https://rfcx-streams-production.s3.eu-west-1.amazonaws.com/2020/05/20/r45nxoutv671/439ac75d-c6be-abfd-c855-722165654939.flac?AWSAccessKeyId=AKIA45B7YWBX7MUJ7QCX&Expires=1777992444&Signature=B8bhKHpNb59%2BAdS9PxCFixeras4%3D,0.297493,6404
1130144893,MRam-2020-05-20_08-20.flac,2020 Markham Ravine,2020,5,20,8,20,Agelaius tricolor,Simple Call,47.792,48.624,844,13500,24000,present,https://rfcx-streams-production.s3.eu-west-1.amazonaws.com/2020/05/20/r45nxoutv671/439ac75d-c6be-abfd-c855-722165654939.flac?AWSAccessKeyId=AKIA45B7YWBX7MUJ7QCX&Expires=1777992444&Signature=B8bhKHpNb59%2BAdS9PxCFixeras4%3D,0.256714,6404
1130144894,MRam-2020-05-20_09-20.flac,2020 Markham Ravine,2020,5,20,9,20,Agelaius tricolor,Simple Call,4.59733,5.42933,844,13500,24000,present,https://rfcx-streams-production.s3.eu-west-1.amazonaws.com/2020/05/20/r45nxoutv671/21f7ed86-97cb-53b0-11ec-d007dc83768e.flac?AWSAccessKeyId=AKIA45B7YWBX7MUJ7QCX&Expires=1777992444&Signature=5gD9v1TTOOB74S4mgMe8aJrWP9o%3D,0.290598,6404
1130144895,MRam-2020-05-20_09-20.flac,2020 Markham Ravine,2020,5,20,9,20,Agelaius tricolor,Simple Call,4.16533,4.99733,844,13500,24000,present,https://rfcx-streams-production.s3.eu-west-1.amazonaws.com/2020/05/20/r45nxoutv671/21f7ed86-97cb-53b0-11ec-d007dc83768e.flac?AWSAccessKeyId=AKIA45B7YWBX7MUJ7QCX&Expires=1777992444&Signature=5gD9v1TTOOB74S4mgMe8aJrWP9o%3D,0.264433,6404
1130144896,MRam-2020-05-20_09-20.flac,2020 Markham Ravine,2020,5,20,9,20,Agelaius tricolor,Simple Call,40.9973,41.8293,844,13500,24000,(not validated),https://rfcx-streams-production.s3.eu-west-1.amazonaws.com/2020/05/20/r45nxoutv671/21f7ed86-97cb-53b0-11ec-d007dc83768e.flac?AWSAccessKeyId=AKIA45B7YWBX7MUJ7QCX&Expires=1777992444&Signature=5gD9v1TTOOB74S4mgMe8aJrWP9o%3D,0.212717,6404
1130144897,MRam-2020-05-20_09-40.flac,2020 Markham Ravine,2020,5,20,9,40,Agelaius tricolor,Simple Call,19.5893,20.4213,844,13500,24000,present,https://rfcx-streams-production.s3.eu-west-1.amazonaws.com/2020/05/20/r45nxoutv671/154e7353-e24e-d4e1-0b27-12100847cd92.flac?AWSAccessKeyId=AKIA45B7YWBX7MUJ7QCX&Expires=1777992444&Signature=bwb0kQvTT4n4gezdYssr2cFySQ4%3D,0.397016,6404
1130144898,MRam-2020-05-20_09-40.flac,2020 Markham Ravine,2020,5,20,9,40,Agelaius tricolor,Simple Call,19.136,19.968,844,13500,24000,present,https://rfcx-streams-production.s3.eu-west-1.amazonaws.com/2020/05/20/r45nxoutv671/154e7353-e24e-d4e1-0b27-12100847cd92.flac?AWSAccessKeyId=AKIA45B7YWBX7MUJ7QCX&Expires=1777992444&Signature=bwb0kQvTT4n4gezdYssr2cFySQ4%3D,0.355771,6404
1130144899,MRam-2020-05-20_09-40.flac,2020 Markham Ravine,2020,5,20,9,40,Agelaius tricolor,Simple Call,0.16,0.992,844,13500,24000,present,https://rfcx-streams-production.s3.eu-west-1.amazonaws.com/2020/05/20/r45nxoutv671/154e7353-e24e-d4e1-0b27-12100847cd92.flac?AWSAccessKeyId=AKIA45B7YWBX7MUJ7QCX&Expires=1777992444&Signature=bwb0kQvTT4n4gezdYssr2cFySQ4%3D,0.335051,6404
1130144900,MRam-2020-05-20_09-40.flac,2020 Markham Ravine,2020,5,20,9,40,Agelaius tricolor,Simple Call,22.7147,23.5467,844,13500,24000,present,https://rfcx-streams-production.s3.eu-west-1.amazonaws.com/2020/05/20/r45nxoutv671/154e7353-e24e-d4e1-0b27-12100847cd92.flac?AWSAccessKeyId=AKIA45B7YWBX7MUJ7QCX&Expires=1777992444&Signature=bwb0kQvTT4n4gezdYssr2cFySQ4%3D,0.317255,6404
1130144901,MRam-2020-05-20_09-40.flac,2020 Markham Ravine,2020,5,20,9,40,Agelaius tricolor,Simple Call,23.136,23.968,844,13500,24000,present,https://rfcx-streams-production.s3.eu-west-1.amazonaws.com/2020/05/20/r45nxoutv671/154e7353-e24e-d4e1-0b27-12100847cd92.flac?AWSAccessKeyId=AKIA45B7YWBX7MUJ7QCX&Expires=1777992444&Signature=bwb0kQvTT4n4gezdYssr2cFySQ4%3D,0.311724,6404
1130144902,MRam-2020-05-20_09-40.flac,2020 Markham Ravine,2020,5,20,9,40,Agelaius tricolor,Simple Call,0.581333,1.41333,844,13500,24000,present,https://rfcx-streams-production.s3.eu-west-1.amazonaws.com/2020/05/20/r45nxoutv671/154e7353-e24e-d4e1-0b27-12100847cd92.flac?AWSAccessKeyId=AKIA45B7YWBX7MUJ7QCX&Expires=1777992444&Signature=bwb0kQvTT4n4gezdYssr2cFySQ4%3D,0.288539,6404
1130144903,MRam-2020-05-20_09-40.flac,2020 Markham Ravine,2020,5,20,9,40,Agelaius tricolor,Simple Call,37.424,38.256,844,13500,24000,present,https://rfcx-streams-production.s3.eu-west-1.amazonaws.com/2020/05/20/r45nxoutv671/154e7353-e24e-d4e1-0b27-12100847cd92.flac?AWSAccessKeyId=AKIA45B7YWBX7MUJ7QCX&Expires=1777992444&Signature=bwb0kQvTT4n4gezdYssr2cFySQ4%3D,0.281543,6404
1130144904,MRam-2020-05-20_09-40.flac,2020 Markham Ravine,2020,5,20,9,40,Agelaius tricolor,Simple Call,39.7867,40.6187,844,13500,24000,present,https://rfcx-streams-production.s3.eu-west-1.amazonaws.com/2020/05/20/r45nxoutv671/154e7353-e24e-d4e1-0b27-12100847cd92.flac?AWSAccessKeyId=AKIA45B7YWBX7MUJ7QCX&Expires=1777992444&Signature=bwb0kQvTT4n4gezdYssr2cFySQ4%3D,0.269096,6404
1130144905,MRam-2020-05-20_09-40.flac,2020 Markham Ravine,2020,5,20,9,40,Agelaius tricolor,Simple Call,6.67733,7.50933,844,13500,24000,present,https://rfcx-streams-production.s3.eu-west-1.amazonaws.com/2020/05/20/r45nxoutv671/154e7353-e24e-d4e1-0b27-12100847cd92.flac?AWSAccessKeyId=AKIA45B7YWBX7MUJ7QCX&Expires=1777992444&Signature=bwb0kQvTT4n4gezdYssr2cFySQ4%3D,0.263071,6404
1130144906,MRam-2020-05-20_09-40.flac,2020 Markham Ravine,2020,5,20,9,40,Agelaius tricolor,Simple Call,9.31733,10.1493,844,13500,24000,(not validated),https://rfcx-streams-production.s3.eu-west-1.amazonaws.com/2020/05/20/r45nxoutv671/154e7353-e24e-d4e1-0b27-12100847cd92.flac?AWSAccessKeyId=AKIA45B7YWBX7MUJ7QCX&Expires=1777992444&Signature=bwb0kQvTT4n4gezdYssr2cFySQ4%3D,0.248071,6404
1130144907,MRam-2020-05-20_18-00.flac,2020 Markham Ravine,2020,5,20,18,0,Agelaius tricolor,Simple Call,11.632,12.464,844,13500,24000,present,https://rfcx-streams-production.s3.eu-west-1.amazonaws.com/2020/05/20/r45nxoutv671/91bf4775-d4c1-627d-85b1-abd3adc645d9.flac?AWSAccessKeyId=AKIA45B7YWBX7MUJ7QCX&Expires=1777992444&Signature=k1QAjyqNMirTaFMb%2FMpM1vPMRw0%3D,0.280502,6404
1130144908,MRam-2020-05-20_18-00.flac,2020 Markham Ravine,2020,5,20,18,0,Agelaius tricolor,Simple Call,11.2053,12.0373,844,13500,24000,present,https://rfcx-streams-production.s3.eu-west-1.amazonaws.com/2020/05/20/r45nxoutv671/91bf4775-d4c1-627d-85b1-abd3adc645d9.flac?AWSAccessKeyId=AKIA45B7YWBX7MUJ7QCX&Expires=1777992444&Signature=k1QAjyqNMirTaFMb%2FMpM1vPMRw0%3D,0.279813,6404
1130144909,MRam-2020-05-20_18-00.flac,2020 Markham Ravine,2020,5,20,18,0,Agelaius tricolor,Simple Call,2.54933,3.38133,844,13500,24000,present,https://rfcx-streams-production.s3.eu-west-1.amazonaws.com/2020/05/20/r45nxoutv671/91bf4775-d4c1-627d-85b1-abd3adc645d9.flac?AWSAccessKeyId=AKIA45B7YWBX7MUJ7QCX&Expires=1777992444&Signature=k1QAjyqNMirTaFMb%2FMpM1vPMRw0%3D,0.274222,6404
1130144910,MRam-2020-05-20_18-00.flac,2020 Markham Ravine,2020,5,20,18,0,Agelaius tricolor,Simple Call,14.0107,14.8427,844,13500,24000,present,https://rfcx-streams-production.s3.eu-west-1.amazonaws.com/2020/05/20/r45nxoutv671/91bf4775-d4c1-627d-85b1-abd3adc645d9.flac?AWSAccessKeyId=AKIA45B7YWBX7MUJ7QCX&Expires=1777992444&Signature=k1QAjyqNMirTaFMb%2FMpM1vPMRw0%3D,0.243902,6404
1130144911,MRam-2020-05-20_18-00.flac,2020 Markham Ravine,2020,5,20,18,0,Agelaius tricolor,Simple Call,2.97067,3.80267,844,13500,24000,present,https://rfcx-streams-production.s3.eu-west-1.amazonaws.com/2020/05/20/r45nxoutv671/91bf4775-d4c1-627d-85b1-abd3adc645d9.flac?AWSAccessKeyId=AKIA45B7YWBX7MUJ7QCX&Expires=1777992444&Signature=k1QAjyqNMirTaFMb%2FMpM1vPMRw0%3D,0.24317,6404
1130144912,MRam-2020-05-20_18-00.flac,2020 Markham Ravine,2020,5,20,18,0,Agelaius tricolor,Simple Call,53.728,54.56,844,13500,24000,(not validated),https://rfcx-streams-production.s3.eu-west-1.amazonaws.com/2020/05/20/r45nxoutv671/91bf4775-d4c1-627d-85b1-abd3adc645d9.flac?AWSAccessKeyId=AKIA45B7YWBX7MUJ7QCX&Expires=1777992444&Signature=k1QAjyqNMirTaFMb%2FMpM1vPMRw0%3D,0.216078,6404
1130144913,MRam-2020-05-20_18-00.flac,2020 Markham Ravine,2020,5,20,18,0,Agelaius tricolor,Simple Call,13.568,14.4,844,13500,24000,present,https://rfcx-streams-production.s3.eu-west-1.amazonaws.com/2020/05/20/r45nxoutv671/91bf4775-d4c1-627d-85b1-abd3adc645d9.flac?AWSAccessKeyId=AKIA45B7YWBX7MUJ7QCX&Expires=1777992444&Signature=k1QAjyqNMirTaFMb%2FMpM1vPMRw0%3D,0.207308,6404
1130144914,MRam-2020-05-21_18-40.flac,2020 Markham Ravine,2020,5,21,18,40,Agelaius tricolor,Simple Call,4.18667,5.01867,844,13500,24000,present,https://rfcx-streams-production.s3.eu-west-1.amazonaws.com/2020/05/21/r45nxoutv671/041eddd1-ecea-4fad-2163-f0e60e3ac6cc.flac?AWSAccessKeyId=AKIA45B7YWBX7MUJ7QCX&Expires=1777992444&Signature=ndMyJD1xxSifolrOrbqTLoT5XPo%3D,0.283782,6404
1130144915,MRam-2020-05-21_18-40.flac,2020 Markham Ravine,2020,5,21,18,40,Agelaius tricolor,Simple Call,56.944,57.776,844,13500,24000,present,https://rfcx-streams-production.s3.eu-west-1.amazonaws.com/2020/05/21/r45nxoutv671/041eddd1-ecea-4fad-2163-f0e60e3ac6cc.flac?AWSAccessKeyId=AKIA45B7YWBX7MUJ7QCX&Expires=1777992444&Signature=ndMyJD1xxSifolrOrbqTLoT5XPo%3D,0.255114,6404
1130144916,MRam-2020-05-21_18-40.flac,2020 Markham Ravine,2020,5,21,18,40,Agelaius tricolor,Simple Call,33.488,34.32,844,13500,24000,present,https://rfcx-streams-production.s3.eu-west-1.amazonaws.com/2020/05/21/r45nxoutv671/041eddd1-ecea-4fad-2163-f0e60e3ac6cc.flac?AWSAccessKeyId=AKIA45B7YWBX7MUJ7QCX&Expires=1777992444&Signature=ndMyJD1xxSifolrOrbqTLoT5XPo%3D,0.238638,6404
1130144917,MRam-2020-05-21_18-40.flac,2020 Markham Ravine,2020,5,21,18,40,Agelaius tricolor,Simple Call,56.5173,57.3493,844,13500,24000,present,https://rfcx-streams-production.s3.eu-west-1.amazonaws.com/2020/05/21/r45nxoutv671/041eddd1-ecea-4fad-2163-f0e60e3ac6cc.flac?AWSAccessKeyId=AKIA45B7YWBX7MUJ7QCX&Expires=1777992444&Signature=ndMyJD1xxSifolrOrbqTLoT5XPo%3D,0.231317,6404
1130144918,MRam-2020-05-21_18-40.flac,2020 Markham Ravine,2020,5,21,18,40,Agelaius tricolor,Simple Call,36.4267,37.2587,844,13500,24000,present,https://rfcx-streams-production.s3.eu-west-1.amazonaws.com/2020/05/21/r45nxoutv671/041eddd1-ecea-4fad-2163-f0e60e3ac6cc.flac?AWSAccessKeyId=AKIA45B7YWBX7MUJ7QCX&Expires=1777992444&Signature=ndMyJD1xxSifolrOrbqTLoT5XPo%3D,0.230875,6404
1130144919,MRam-2020-05-21_18-40.flac,2020 Markham Ravine,2020,5,21,18,40,Agelaius tricolor,Simple Call,39.7067,40.5387,844,13500,24000,(not validated),https://rfcx-streams-production.s3.eu-west-1.amazonaws.com/2020/05/21/r45nxoutv671/041eddd1-ecea-4fad-2163-f0e60e3ac6cc.flac?AWSAccessKeyId=AKIA45B7YWBX7MUJ7QCX&Expires=1777992444&Signature=ndMyJD1xxSifolrOrbqTLoT5XPo%3D,0.228021,6404
1130144920,MRam-2020-05-21_18-40.flac,2020 Markham Ravine,2020,5,21,18,40,Agelaius tricolor,Simple Call,58.5973,59.4293,844,13500,24000,present,https://rfcx-streams-production.s3.eu-west-1.amazonaws.com/2020/05/21/r45nxoutv671/041eddd1-ecea-4fad-2163-f0e60e3ac6cc.flac?AWSAccessKeyId=AKIA45B7YWBX7MUJ7QCX&Expires=1777992444&Signature=ndMyJD1xxSifolrOrbqTLoT5XPo%3D,0.216689,6404
1130144921,MRam-2020-05-21_18-40.flac,2020 Markham Ravine,2020,5,21,18,40,Agelaius tricolor,Simple Call,29.584,30.416,844,13500,24000,present,https://rfcx-streams-production.s3.eu-west-1.amazonaws.com/2020/05/21/r45nxoutv671/041eddd1-ecea-4fad-2163-f0e60e3ac6cc.flac?AWSAccessKeyId=AKIA45B7YWBX7MUJ7QCX&Expires=1777992444&Signature=ndMyJD1xxSifolrOrbqTLoT5XPo%3D,0.210726,6404
1130144922,MRam-2020-05-21_18-40.flac,2020 Markham Ravine,2020,5,21,18,40,Agelaius tricolor,Simple Call,58.1707,59.0027,844,13500,24000,present,https://rfcx-streams-production.s3.eu-west-1.amazonaws.com/2020/05/21/r45nxoutv671/041eddd1-ecea-4fad-2163-f0e60e3ac6cc.flac?AWSAccessKeyId=AKIA45B7YWBX7MUJ7QCX&Expires=1777992444&Signature=ndMyJD1xxSifolrOrbqTLoT5XPo%3D,0.208888,6404
1130144923,MRam-2020-05-21_18-40.flac,2020 Markham Ravine,2020,5,21,18,40,Agelaius tricolor,Simple Call,54.3093,55.1413,844,13500,24000,present,https://rfcx-streams-production.s3.eu-west-1.amazonaws.com/2020/05/21/r45nxoutv671/041eddd1-ecea-4fad-2163-f0e60e3ac6cc.flac?AWSAccessKeyId=AKIA45B7YWBX7MUJ7QCX&Expires=1777992444&Signature=ndMyJD1xxSifolrOrbqTLoT5XPo%3D,0.20514,6404
1130144924,MRam-2020-05-23_16-00.flac,2020 Markham Ravine,2020,5,23,16,0,Agelaius tricolor,Simple Call,30.224,31.056,844,13500,24000,present,https://rfcx-streams-production.s3.eu-west-1.amazonaws.com/2020/05/23/r45nxoutv671/7a937acd-b0e0-e49a-22ec-f37db74fe1d7.flac?AWSAccessKeyId=AKIA45B7YWBX7MUJ7QCX&Expires=1777992444&Signature=myLRlLrdbirJvnDXmyL2ZC4Th4g%3D,0.254553,6404
1130144925,MRam-2020-05-23_16-00.flac,2020 Markham Ravine,2020,5,23,16,0,Agelaius tricolor,Simple Call,45.7813,46.6133,844,13500,24000,(not validated),https://rfcx-streams-production.s3.eu-west-1.amazonaws.com/2020/05/23/r45nxoutv671/7a937acd-b0e0-e49a-22ec-f37db74fe1d7.flac?AWSAccessKeyId=AKIA45B7YWBX7MUJ7QCX&Expires=1777992444&Signature=myLRlLrdbirJvnDXmyL2ZC4Th4g%3D,0.224397,6404
1130144926,MRam-2020-05-23_16-00.flac,2020 Markham Ravine,2020,5,23,16,0,Agelaius tricolor,Simple Call,50.2293,51.0613,844,13500,24000,(not validated),https://rfcx-streams-production.s3.eu-west-1.amazonaws.com/2020/05/23/r45nxoutv671/7a937acd-b0e0-e49a-22ec-f37db74fe1d7.flac?AWSAccessKeyId=AKIA45B7YWBX7MUJ7QCX&Expires=1777992444&Signature=myLRlLrdbirJvnDXmyL2ZC4Th4g%3D,0.219977,6404
1130144927,MRam-2020-05-23_16-00.flac,2020 Markham Ravine,2020,5,23,16,0,Agelaius tricolor,Simple Call,33.12,33.952,844,13500,24000,(not validated),https://rfcx-streams-production.s3.eu-west-1.amazonaws.com/2020/05/23/r45nxoutv671/7a937acd-b0e0-e49a-22ec-f37db74fe1d7.flac?AWSAccessKeyId=AKIA45B7YWBX7MUJ7QCX&Expires=1777992444&Signature=myLRlLrdbirJvnDXmyL2ZC4Th4g%3D,0.207337,6404
1130144928,MRam-2020-05-23_16-00.flac,2020 Markham Ravine,2020,5,23,16,0,Agelaius tricolor,Simple Call,41.1467,41.9787,844,13500,24000,(not validated),https://rfcx-streams-production.s3.eu-west-1.amazonaws.com/2020/05/23/r45nxoutv671/7a937acd-b0e0-e49a-22ec-f37db74fe1d7.flac?AWSAccessKeyId=AKIA45B7YWBX7MUJ7QCX&Expires=1777992444&Signature=myLRlLrdbirJvnDXmyL2ZC4Th4g%3D,0.205658,6404
1130144929,MRam-2020-05-23_16-00.flac,2020 Markham Ravine,2020,5,23,16,0,Agelaius tricolor,Simple Call,18.624,19.456,844,13500,24000,(not validated),https://rfcx-streams-production.s3.eu-west-1.amazonaws.com/2020/05/23/r45nxoutv671/7a937acd-b0e0-e49a-22ec-f37db74fe1d7.flac?AWSAccessKeyId=AKIA45B7YWBX7MUJ7QCX&Expires=1777992444&Signature=myLRlLrdbirJvnDXmyL2ZC4Th4g%3D,0.204364,6404
1130144930,MRam-2020-05-23_17-40.flac,2020 Markham Ravine,2020,5,23,17,40,Agelaius tricolor,Simple Call,5.89867,6.73067,844,13500,24000,present,https://rfcx-streams-production.s3.eu-west-1.amazonaws.com/2020/05/23/r45nxoutv671/5a90d103-4fd6-3ce6-a6a1-fda7444b9a36.flac?AWSAccessKeyId=AKIA45B7YWBX7MUJ7QCX&Expires=1777992444&Signature=1pTldzOArTTOmAX8ZbA1VJOpBec%3D,0.413779,6404
1130144931,MRam-2020-05-23_17-40.flac,2020 Markham Ravine,2020,5,23,17,40,Agelaius tricolor,Simple Call,6.656,7.488,844,13500,24000,present,https://rfcx-streams-production.s3.eu-west-1.amazonaws.com/2020/05/23/r45nxoutv671/5a90d103-4fd6-3ce6-a6a1-fda7444b9a36.flac?AWSAccessKeyId=AKIA45B7YWBX7MUJ7QCX&Expires=1777992444&Signature=1pTldzOArTTOmAX8ZbA1VJOpBec%3D,0.303615,6404
1130144932,MRam-2020-05-23_17-40.flac,2020 Markham Ravine,2020,5,23,17,40,Agelaius tricolor,Simple Call,7.07733,7.90933,844,13500,24000,present,https://rfcx-streams-production.s3.eu-west-1.amazonaws.com/2020/05/23/r45nxoutv671/5a90d103-4fd6-3ce6-a6a1-fda7444b9a36.flac?AWSAccessKeyId=AKIA45B7YWBX7MUJ7QCX&Expires=1777992444&Signature=1pTldzOArTTOmAX8ZbA1VJOpBec%3D,0.272486,6404
1130144933,MRam-2020-05-23_17-40.flac,2020 Markham Ravine,2020,5,23,17,40,Agelaius tricolor,Simple Call,21.008,21.84,844,13500,24000,(not validated),https://rfcx-streams-production.s3.eu-west-1.amazonaws.com/2020/05/23/r45nxoutv671/5a90d103-4fd6-3ce6-a6a1-fda7444b9a36.flac?AWSAccessKeyId=AKIA45B7YWBX7MUJ7QCX&Expires=1777992444&Signature=1pTldzOArTTOmAX8ZbA1VJOpBec%3D,0.225035,6404
1130144934,MRam-2020-05-23_17-40.flac,2020 Markham Ravine,2020,5,23,17,40,Agelaius tricolor,Simple Call,52.7573,53.5893,844,13500,24000,present,https://rfcx-streams-production.s3.eu-west-1.amazonaws.com/2020/05/23/r45nxoutv671/5a90d103-4fd6-3ce6-a6a1-fda7444b9a36.flac?AWSAccessKeyId=AKIA45B7YWBX7MUJ7QCX&Expires=1777992444&Signature=1pTldzOArTTOmAX8ZbA1VJOpBec%3D,0.207555,6404
1130144935,MRam-2020-05-23_17-40.flac,2020 Markham Ravine,2020,5,23,17,40,Agelaius tricolor,Simple Call,27.4453,28.2773,844,13500,24000,present,https://rfcx-streams-production.s3.eu-west-1.amazonaws.com/2020/05/23/r45nxoutv671/5a90d103-4fd6-3ce6-a6a1-fda7444b9a36.flac?AWSAccessKeyId=AKIA45B7YWBX7MUJ7QCX&Expires=1777992444&Signature=1pTldzOArTTOmAX8ZbA1VJOpBec%3D,0.206401,6404
1130144936,MRam-2020-05-23_17-40.flac,2020 Markham Ravine,2020,5,23,17,40,Agelaius tricolor,Simple Call,38.72,39.552,844,13500,24000,present,https://rfcx-streams-production.s3.eu-west-1.amazonaws.com/2020/05/23/r45nxoutv671/5a90d103-4fd6-3ce6-a6a1-fda7444b9a36.flac?AWSAccessKeyId=AKIA45B7YWBX7MUJ7QCX&Expires=1777992444&Signature=1pTldzOArTTOmAX8ZbA1VJOpBec%3D,0.203238,6404
1130144937,MRam-2020-05-27_09-40.flac,2020 Markham Ravine,2020,5,27,9,40,Agelaius tricolor,Simple Call,11.52,12.352,844,13500,24000,present,https://rfcx-streams-production.s3.eu-west-1.amazonaws.com/2020/05/27/r45nxoutv671/fa8ce3f2-d3f2-b714-f13d-01667e1ac939.flac?AWSAccessKeyId=AKIA45B7YWBX7MUJ7QCX&Expires=1777992444&Signature=as0SE1T%2FUB4Lp3Gqm5q8oJdFx%2Bw%3D,0.303519,6404
1130144938,MRam-2020-05-27_09-40.flac,2020 Markham Ravine,2020,5,27,9,40,Agelaius tricolor,Simple Call,11.936,12.768,844,13500,24000,present,https://rfcx-streams-production.s3.eu-west-1.amazonaws.com/2020/05/27/r45nxoutv671/fa8ce3f2-d3f2-b714-f13d-01667e1ac939.flac?AWSAccessKeyId=AKIA45B7YWBX7MUJ7QCX&Expires=1777992444&Signature=as0SE1T%2FUB4Lp3Gqm5q8oJdFx%2Bw%3D,0.2822,6404
1130144939,MRam-2020-05-27_09-40.flac,2020 Markham Ravine,2020,5,27,9,40,Agelaius tricolor,Simple Call,32.6987,33.5307,844,13500,24000,(not validated),https://rfcx-streams-production.s3.eu-west-1.amazonaws.com/2020/05/27/r45nxoutv671/fa8ce3f2-d3f2-b714-f13d-01667e1ac939.flac?AWSAccessKeyId=AKIA45B7YWBX7MUJ7QCX&Expires=1777992444&Signature=as0SE1T%2FUB4Lp3Gqm5q8oJdFx%2Bw%3D,0.22596,6404
1130144940,MRam-2020-05-27_09-40.flac,2020 Markham Ravine,2020,5,27,9,40,Agelaius tricolor,Simple Call,33.1253,33.9573,844,13500,24000,(not validated),https://rfcx-streams-production.s3.eu-west-1.amazonaws.com/2020/05/27/r45nxoutv671/fa8ce3f2-d3f2-b714-f13d-01667e1ac939.flac?AWSAccessKeyId=AKIA45B7YWBX7MUJ7QCX&Expires=1777992444&Signature=as0SE1T%2FUB4Lp3Gqm5q8oJdFx%2Bw%3D,0.21177,6404
1130144941,MRam-2020-05-29_08-00.flac,2020 Markham Ravine,2020,5,29,8,0,Agelaius tricolor,Simple Call,45.0987,45.9307,844,13500,24000,(not validated),https://rfcx-streams-production.s3.eu-west-1.amazonaws.com/2020/05/29/r45nxoutv671/627b63e5-9fd7-4bd2-1388-8d0d936ed92a.flac?AWSAccessKeyId=AKIA45B7YWBX7MUJ7QCX&Expires=1777992444&Signature=yZl3EwrLGwowuMfBaXahphiYkqU%3D,0.254486,6404
1130144942,MRam-2020-05-29_08-00.flac,2020 Markham Ravine,2020,5,29,8,0,Agelaius tricolor,Simple Call,16.8373,17.6693,844,13500,24000,(not validated),https://rfcx-streams-production.s3.eu-west-1.amazonaws.com/2020/05/29/r45nxoutv671/627b63e5-9fd7-4bd2-1388-8d0d936ed92a.flac?AWSAccessKeyId=AKIA45B7YWBX7MUJ7QCX&Expires=1777992444&Signature=yZl3EwrLGwowuMfBaXahphiYkqU%3D,0.248244,6404
1130144943,MRam-2020-05-29_08-00.flac,2020 Markham Ravine,2020,5,29,8,0,Agelaius tricolor,Simple Call,9.65333,10.4853,844,13500,24000,(not validated),https://rfcx-streams-production.s3.eu-west-1.amazonaws.com/2020/05/29/r45nxoutv671/627b63e5-9fd7-4bd2-1388-8d0d936ed92a.flac?AWSAccessKeyId=AKIA45B7YWBX7MUJ7QCX&Expires=1777992444&Signature=yZl3EwrLGwowuMfBaXahphiYkqU%3D,0.236615,6404
1130144944,MRam-2020-05-29_08-00.flac,2020 Markham Ravine,2020,5,29,8,0,Agelaius tricolor,Simple Call,10.0693,10.9013,844,13500,24000,(not validated),https://rfcx-streams-production.s3.eu-west-1.amazonaws.com/2020/05/29/r45nxoutv671/627b63e5-9fd7-4bd2-1388-8d0d936ed92a.flac?AWSAccessKeyId=AKIA45B7YWBX7MUJ7QCX&Expires=1777992444&Signature=yZl3EwrLGwowuMfBaXahphiYkqU%3D,0.22864,6404
1130144945,MRam-2020-05-29_08-00.flac,2020 Markham Ravine,2020,5,29,8,0,Agelaius tricolor,Simple Call,45.5413,46.3733,844,13500,24000,present,https://rfcx-streams-production.s3.eu-west-1.amazonaws.com/2020/05/29/r45nxoutv671/627b63e5-9fd7-4bd2-1388-8d0d936ed92a.flac?AWSAccessKeyId=AKIA45B7YWBX7MUJ7QCX&Expires=1777992444&Signature=yZl3EwrLGwowuMfBaXahphiYkqU%3D,0.226948,6404
1130144946,MRam-2020-05-29_08-00.flac,2020 Markham Ravine,2020,5,29,8,0,Agelaius tricolor,Simple Call,2.72533,3.55733,844,13500,24000,(not validated),https://rfcx-streams-production.s3.eu-west-1.amazonaws.com/2020/05/29/r45nxoutv671/627b63e5-9fd7-4bd2-1388-8d0d936ed92a.flac?AWSAccessKeyId=AKIA45B7YWBX7MUJ7QCX&Expires=1777992444&Signature=yZl3EwrLGwowuMfBaXahphiYkqU%3D,0.21738,6404
1130144947,MRam-2020-05-29_08-00.flac,2020 Markham Ravine,2020,5,29,8,0,Agelaius tricolor,Simple Call,14.8427,15.6747,844,13500,24000,(not validated),https://rfcx-streams-production.s3.eu-west-1.amazonaws.com/2020/05/29/r45nxoutv671/627b63e5-9fd7-4bd2-1388-8d0d936ed92a.flac?AWSAccessKeyId=AKIA45B7YWBX7MUJ7QCX&Expires=1777992444&Signature=yZl3EwrLGwowuMfBaXahphiYkqU%3D,0.214772,6404
1130144948,MRam-2020-05-29_08-00.flac,2020 Markham Ravine,2020,5,29,8,0,Agelaius tricolor,Simple Call,16.4053,17.2373,844,13500,24000,(not validated),https://rfcx-streams-production.s3.eu-west-1.amazonaws.com/2020/05/29/r45nxoutv671/627b63e5-9fd7-4bd2-1388-8d0d936ed92a.flac?AWSAccessKeyId=AKIA45B7YWBX7MUJ7QCX&Expires=1777992444&Signature=yZl3EwrLGwowuMfBaXahphiYkqU%3D,0.212843,6404
1130144949,MRam-2020-05-29_08-00.flac,2020 Markham Ravine,2020,5,29,8,0,Agelaius tricolor,Simple Call,3.152,3.984,844,13500,24000,(not validated),https://rfcx-streams-production.s3.eu-west-1.amazonaws.com/2020/05/29/r45nxoutv671/627b63e5-9fd7-4bd2-1388-8d0d936ed92a.flac?AWSAccessKeyId=AKIA45B7YWBX7MUJ7QCX&Expires=1777992444&Signature=yZl3EwrLGwowuMfBaXahphiYkqU%3D,0.206909,6404
1130144950,MRam-2020-05-29_08-00.flac,2020 Markham Ravine,2020,5,29,8,0,Agelaius tricolor,Simple Call,20.6453,21.4773,844,13500,24000,(not validated),https://rfcx-streams-production.s3.eu-west-1.amazonaws.com/2020/05/29/r45nxoutv671/627b63e5-9fd7-4bd2-1388-8d0d936ed92a.flac?AWSAccessKeyId=AKIA45B7YWBX7MUJ7QCX&Expires=1777992444&Signature=yZl3EwrLGwowuMfBaXahphiYkqU%3D,0.20077,6404
1130144951,MRam-2020-05-29_10-20.flac,2020 Markham Ravine,2020,5,29,10,20,Agelaius tricolor,Simple Call,13.6533,14.4853,844,13500,24000,present,https://rfcx-streams-production.s3.eu-west-1.amazonaws.com/2020/05/29/r45nxoutv671/876fe15a-e5e2-2a8d-8236-9042ccebae54.flac?AWSAccessKeyId=AKIA45B7YWBX7MUJ7QCX&Expires=1777992444&Signature=H%2B5QyzzyfoLblPjJ0nGcyLaVa2A%3D,0.297003,6404
1130144952,MRam-2020-05-29_10-20.flac,2020 Markham Ravine,2020,5,29,10,20,Agelaius tricolor,Simple Call,10.7627,11.5947,844,13500,24000,present,https://rfcx-streams-production.s3.eu-west-1.amazonaws.com/2020/05/29/r45nxoutv671/876fe15a-e5e2-2a8d-8236-9042ccebae54.flac?AWSAccessKeyId=AKIA45B7YWBX7MUJ7QCX&Expires=1777992444&Signature=H%2B5QyzzyfoLblPjJ0nGcyLaVa2A%3D,0.245295,6404
1130144953,MRam-2020-05-29_10-20.flac,2020 Markham Ravine,2020,5,29,10,20,Agelaius tricolor,Simple Call,55.968,56.8,844,13500,24000,(not validated),https://rfcx-streams-production.s3.eu-west-1.amazonaws.com/2020/05/29/r45nxoutv671/876fe15a-e5e2-2a8d-8236-9042ccebae54.flac?AWSAccessKeyId=AKIA45B7YWBX7MUJ7QCX&Expires=1777992444&Signature=H%2B5QyzzyfoLblPjJ0nGcyLaVa2A%3D,0.232421,6404
1130144954,MRam-2020-05-29_10-20.flac,2020 Markham Ravine,2020,5,29,10,20,Agelaius tricolor,Simple Call,56.688,57.52,844,13500,24000,(not validated),https://rfcx-streams-production.s3.eu-west-1.amazonaws.com/2020/05/29/r45nxoutv671/876fe15a-e5e2-2a8d-8236-9042ccebae54.flac?AWSAccessKeyId=AKIA45B7YWBX7MUJ7QCX&Expires=1777992444&Signature=H%2B5QyzzyfoLblPjJ0nGcyLaVa2A%3D,0.222141,6404
1130144955,MRam-2020-05-29_10-20.flac,2020 Markham Ravine,2020,5,29,10,20,Agelaius tricolor,Simple Call,47.4133,48.2453,844,13500,24000,present,https://rfcx-streams-production.s3.eu-west-1.amazonaws.com/2020/05/29/r45nxoutv671/876fe15a-e5e2-2a8d-8236-9042ccebae54.flac?AWSAccessKeyId=AKIA45B7YWBX7MUJ7QCX&Expires=1777992444&Signature=H%2B5QyzzyfoLblPjJ0nGcyLaVa2A%3D,0.21263,6404
1130144956,MRam-2020-05-29_10-20.flac,2020 Markham Ravine,2020,5,29,10,20,Agelaius tricolor,Simple Call,2.48533,3.31733,844,13500,24000,(not validated),https://rfcx-streams-production.s3.eu-west-1.amazonaws.com/2020/05/29/r45nxoutv671/876fe15a-e5e2-2a8d-8236-9042ccebae54.flac?AWSAccessKeyId=AKIA45B7YWBX7MUJ7QCX&Expires=1777992444&Signature=H%2B5QyzzyfoLblPjJ0nGcyLaVa2A%3D,0.211478,6404
1130144957,MRam-2020-05-29_10-20.flac,2020 Markham Ravine,2020,5,29,10,20,Agelaius tricolor,Simple Call,47.8293,48.6613,844,13500,24000,present,https://rfcx-streams-production.s3.eu-west-1.amazonaws.com/2020/05/29/r45nxoutv671/876fe15a-e5e2-2a8d-8236-9042ccebae54.flac?AWSAccessKeyId=AKIA45B7YWBX7MUJ7QCX&Expires=1777992444&Signature=H%2B5QyzzyfoLblPjJ0nGcyLaVa2A%3D,0.207103,6404
1130144958,MRam-2020-05-29_10-20.flac,2020 Markham Ravine,2020,5,29,10,20,Agelaius tricolor,Simple Call,4.85867,5.69067,844,13500,24000,present,https://rfcx-streams-production.s3.eu-west-1.amazonaws.com/2020/05/29/r45nxoutv671/876fe15a-e5e2-2a8d-8236-9042ccebae54.flac?AWSAccessKeyId=AKIA45B7YWBX7MUJ7QCX&Expires=1777992444&Signature=H%2B5QyzzyfoLblPjJ0nGcyLaVa2A%3D,0.202405,6404
1130144959,MRam-2020-05-29_10-20.flac,2020 Markham Ravine,2020,5,29,10,20,Agelaius tricolor,Simple Call,29.4347,30.2667,844,13500,24000,present,https://rfcx-streams-production.s3.eu-west-1.amazonaws.com/2020/05/29/r45nxoutv671/876fe15a-e5e2-2a8d-8236-9042ccebae54.flac?AWSAccessKeyId=AKIA45B7YWBX7MUJ7QCX&Expires=1777992444&Signature=H%2B5QyzzyfoLblPjJ0nGcyLaVa2A%3D,0.201069,6404
1130144960,MRam-2020-05-30_10-40.flac,2020 Markham Ravine,2020,5,30,10,40,Agelaius tricolor,Simple Call,24.48,25.312,844,13500,24000,present,https://rfcx-streams-production.s3.eu-west-1.amazonaws.com/2020/05/30/r45nxoutv671/99d1fce9-5137-7d32-67a1-1e2b1494c412.flac?AWSAccessKeyId=AKIA45B7YWBX7MUJ7QCX&Expires=1777992444&Signature=EEEf3nWYuhXNO5xU07Kgg6EuKhs%3D,0.263549,6404
1130144961,MRam-2020-05-30_12-20.flac,2020 Markham Ravine,2020,5,30,12,20,Agelaius tricolor,Simple Call,54.4213,55.2533,844,13500,24000,present,https://rfcx-streams-production.s3.eu-west-1.amazonaws.com/2020/05/30/r45nxoutv671/b9b62a37-a74a-f780-2a3c-5e15654bad53.flac?AWSAccessKeyId=AKIA45B7YWBX7MUJ7QCX&Expires=1777992444&Signature=iXjvTazpGVIlcxSqbYpaa%2BvNMMU%3D,0.234812,6404
1130144962,MRam-2020-05-30_12-20.flac,2020 Markham Ravine,2020,5,30,12,20,Agelaius tricolor,Simple Call,12.736,13.568,844,13500,24000,present,https://rfcx-streams-production.s3.eu-west-1.amazonaws.com/2020/05/30/r45nxoutv671/b9b62a37-a74a-f780-2a3c-5e15654bad53.flac?AWSAccessKeyId=AKIA45B7YWBX7MUJ7QCX&Expires=1777992444&Signature=iXjvTazpGVIlcxSqbYpaa%2BvNMMU%3D,0.216833,6404
1130144963,MRam-2020-05-30_12-20.flac,2020 Markham Ravine,2020,5,30,12,20,Agelaius tricolor,Simple Call,15.664,16.496,844,13500,24000,present,https://rfcx-streams-production.s3.eu-west-1.amazonaws.com/2020/05/30/r45nxoutv671/b9b62a37-a74a-f780-2a3c-5e15654bad53.flac?AWSAccessKeyId=AKIA45B7YWBX7MUJ7QCX&Expires=1777992444&Signature=iXjvTazpGVIlcxSqbYpaa%2BvNMMU%3D,0.21456,6404
1130144964,MRam-2020-05-30_12-20.flac,2020 Markham Ravine,2020,5,30,12,20,Agelaius tricolor,Simple Call,49.984,50.816,844,13500,24000,present,https://rfcx-streams-production.s3.eu-west-1.amazonaws.com/2020/05/30/r45nxoutv671/b9b62a37-a74a-f780-2a3c-5e15654bad53.flac?AWSAccessKeyId=AKIA45B7YWBX7MUJ7QCX&Expires=1777992444&Signature=iXjvTazpGVIlcxSqbYpaa%2BvNMMU%3D,0.2116,6404
1130144965,MRam-2020-05-30_12-20.flac,2020 Markham Ravine,2020,5,30,12,20,Agelaius tricolor,Simple Call,29.056,29.888,844,13500,24000,present,https://rfcx-streams-production.s3.eu-west-1.amazonaws.com/2020/05/30/r45nxoutv671/b9b62a37-a74a-f780-2a3c-5e15654bad53.flac?AWSAccessKeyId=AKIA45B7YWBX7MUJ7QCX&Expires=1777992444&Signature=iXjvTazpGVIlcxSqbYpaa%2BvNMMU%3D,0.206479,6404
1130144966,MRam-2020-05-30_12-20.flac,2020 Markham Ravine,2020,5,30,12,20,Agelaius tricolor,Simple Call,37.4453,38.2773,844,13500,24000,present,https://rfcx-streams-production.s3.eu-west-1.amazonaws.com/2020/05/30/r45nxoutv671/b9b62a37-a74a-f780-2a3c-5e15654bad53.flac?AWSAccessKeyId=AKIA45B7YWBX7MUJ7QCX&Expires=1777992444&Signature=iXjvTazpGVIlcxSqbYpaa%2BvNMMU%3D,0.203839,6404
1130144967,MRam-2020-05-30_12-20.flac,2020 Markham Ravine,2020,5,30,12,20,Agelaius tricolor,Simple Call,34.064,34.896,844,13500,24000,present,https://rfcx-streams-production.s3.eu-west-1.amazonaws.com/2020/05/30/r45nxoutv671/b9b62a37-a74a-f780-2a3c-5e15654bad53.flac?AWSAccessKeyId=AKIA45B7YWBX7MUJ7QCX&Expires=1777992444&Signature=iXjvTazpGVIlcxSqbYpaa%2BvNMMU%3D,0.203694,6404
1130144968,MRam-2020-05-30_12-20.flac,2020 Markham Ravine,2020,5,30,12,20,Agelaius tricolor,Simple Call,16.0853,16.9173,844,13500,24000,present,https://rfcx-streams-production.s3.eu-west-1.amazonaws.com/2020/05/30/r45nxoutv671/b9b62a37-a74a-f780-2a3c-5e15654bad53.flac?AWSAccessKeyId=AKIA45B7YWBX7MUJ7QCX&Expires=1777992444&Signature=iXjvTazpGVIlcxSqbYpaa%2BvNMMU%3D,0.201586,6404
1130144969,MRam-2020-05-26_07-00.flac,2020 Markham Ravine,2020,5,26,7,0,Agelaius tricolor,Simple Call,57.536,58.368,844,13500,24000,present,https://rfcx-streams-production.s3.eu-west-1.amazonaws.com/2020/05/26/r45nxoutv671/8dfc7089-cb47-41d4-0504-a9f85bc70bb9.flac?AWSAccessKeyId=AKIA45B7YWBX7MUJ7QCX&Expires=1777992444&Signature=F2GlSAreb3gPns3ZNl5aAmCbG8Q%3D,0.285045,6404
1130144970,MRam-2020-05-26_07-00.flac,2020 Markham Ravine,2020,5,26,7,0,Agelaius tricolor,Simple Call,49.712,50.544,844,13500,24000,present,https://rfcx-streams-production.s3.eu-west-1.amazonaws.com/2020/05/26/r45nxoutv671/8dfc7089-cb47-41d4-0504-a9f85bc70bb9.flac?AWSAccessKeyId=AKIA45B7YWBX7MUJ7QCX&Expires=1777992444&Signature=F2GlSAreb3gPns3ZNl5aAmCbG8Q%3D,0.278355,6404
1130144971,MRam-2020-05-26_07-00.flac,2020 Markham Ravine,2020,5,26,7,0,Agelaius tricolor,Simple Call,28.512,29.344,844,13500,24000,present,https://rfcx-streams-production.s3.eu-west-1.amazonaws.com/2020/05/26/r45nxoutv671/8dfc7089-cb47-41d4-0504-a9f85bc70bb9.flac?AWSAccessKeyId=AKIA45B7YWBX7MUJ7QCX&Expires=1777992444&Signature=F2GlSAreb3gPns3ZNl5aAmCbG8Q%3D,0.2751,6404
1130144972,MRam-2020-05-26_07-00.flac,2020 Markham Ravine,2020,5,26,7,0,Agelaius tricolor,Simple Call,38.96,39.792,844,13500,24000,present,https://rfcx-streams-production.s3.eu-west-1.amazonaws.com/2020/05/26/r45nxoutv671/8dfc7089-cb47-41d4-0504-a9f85bc70bb9.flac?AWSAccessKeyId=AKIA45B7YWBX7MUJ7QCX&Expires=1777992444&Signature=F2GlSAreb3gPns3ZNl5aAmCbG8Q%3D,0.253702,6404
1130144973,MRam-2020-05-26_07-00.flac,2020 Markham Ravine,2020,5,26,7,0,Agelaius tricolor,Simple Call,11.7333,12.5653,844,13500,24000,present,https://rfcx-streams-production.s3.eu-west-1.amazonaws.com/2020/05/26/r45nxoutv671/8dfc7089-cb47-41d4-0504-a9f85bc70bb9.flac?AWSAccessKeyId=AKIA45B7YWBX7MUJ7QCX&Expires=1777992444&Signature=F2GlSAreb3gPns3ZNl5aAmCbG8Q%3D,0.247059,6404
1130144974,MRam-2020-05-26_07-00.flac,2020 Markham Ravine,2020,5,26,7,0,Agelaius tricolor,Simple Call,7.52533,8.35733,844,13500,24000,present,https://rfcx-streams-production.s3.eu-west-1.amazonaws.com/2020/05/26/r45nxoutv671/8dfc7089-cb47-41d4-0504-a9f85bc70bb9.flac?AWSAccessKeyId=AKIA45B7YWBX7MUJ7QCX&Expires=1777992444&Signature=F2GlSAreb3gPns3ZNl5aAmCbG8Q%3D,0.244226,6404
1130144975,MRam-2020-05-26_07-00.flac,2020 Markham Ravine,2020,5,26,7,0,Agelaius tricolor,Simple Call,4.208,5.04,844,13500,24000,present,https://rfcx-streams-production.s3.eu-west-1.amazonaws.com/2020/05/26/r45nxoutv671/8dfc7089-cb47-41d4-0504-a9f85bc70bb9.flac?AWSAccessKeyId=AKIA45B7YWBX7MUJ7QCX&Expires=1777992444&Signature=F2GlSAreb3gPns3ZNl5aAmCbG8Q%3D,0.235641,6404
1130144976,MRam-2020-05-26_07-00.flac,2020 Markham Ravine,2020,5,26,7,0,Agelaius tricolor,Simple Call,36.224,37.056,844,13500,24000,(not validated),https://rfcx-streams-production.s3.eu-west-1.amazonaws.com/2020/05/26/r45nxoutv671/8dfc7089-cb47-41d4-0504-a9f85bc70bb9.flac?AWSAccessKeyId=AKIA45B7YWBX7MUJ7QCX&Expires=1777992444&Signature=F2GlSAreb3gPns3ZNl5aAmCbG8Q%3D,0.233844,6404
1130144977,MRam-2020-05-26_07-00.flac,2020 Markham Ravine,2020,5,26,7,0,Agelaius tricolor,Simple Call,7.95733,8.78933,844,13500,24000,present,https://rfcx-streams-production.s3.eu-west-1.amazonaws.com/2020/05/26/r45nxoutv671/8dfc7089-cb47-41d4-0504-a9f85bc70bb9.flac?AWSAccessKeyId=AKIA45B7YWBX7MUJ7QCX&Expires=1777992444&Signature=F2GlSAreb3gPns3ZNl5aAmCbG8Q%3D,0.23156,6404
1130144978,MRam-2020-05-26_07-00.flac,2020 Markham Ravine,2020,5,26,7,0,Agelaius tricolor,Simple Call,6.86933,7.70133,844,13500,24000,(not validated),https://rfcx-streams-production.s3.eu-west-1.amazonaws.com/2020/05/26/r45nxoutv671/8dfc7089-cb47-41d4-0504-a9f85bc70bb9.flac?AWSAccessKeyId=AKIA45B7YWBX7MUJ7QCX&Expires=1777992444&Signature=F2GlSAreb3gPns3ZNl5aAmCbG8Q%3D,0.229567,6404
1130144979,MRam-2020-05-27_10-40.flac,2020 Markham Ravine,2020,5,27,10,40,Agelaius tricolor,Simple Call,2.37333,3.20533,844,13500,24000,present,https://rfcx-streams-production.s3.eu-west-1.amazonaws.com/2020/05/27/r45nxoutv671/7af30480-439e-2e9c-17cc-65cf0d21f3b5.flac?AWSAccessKeyId=AKIA45B7YWBX7MUJ7QCX&Expires=1777992444&Signature=rL9UvAkQ2pUohddFH%2FlIpdpCYRA%3D,0.249337,6404
1130144980,MRam-2020-05-27_10-40.flac,2020 Markham Ravine,2020,5,27,10,40,Agelaius tricolor,Simple Call,1.95733,2.78933,844,13500,24000,present,https://rfcx-streams-production.s3.eu-west-1.amazonaws.com/2020/05/27/r45nxoutv671/7af30480-439e-2e9c-17cc-65cf0d21f3b5.flac?AWSAccessKeyId=AKIA45B7YWBX7MUJ7QCX&Expires=1777992444&Signature=rL9UvAkQ2pUohddFH%2FlIpdpCYRA%3D,0.233573,6404
1130144981,MRam-2020-05-27_10-40.flac,2020 Markham Ravine,2020,5,27,10,40,Agelaius tricolor,Simple Call,39.2373,40.0693,844,13500,24000,present,https://rfcx-streams-production.s3.eu-west-1.amazonaws.com/2020/05/27/r45nxoutv671/7af30480-439e-2e9c-17cc-65cf0d21f3b5.flac?AWSAccessKeyId=AKIA45B7YWBX7MUJ7QCX&Expires=1777992444&Signature=rL9UvAkQ2pUohddFH%2FlIpdpCYRA%3D,0.228662,6404
1130144982,MRam-2020-05-27_10-40.flac,2020 Markham Ravine,2020,5,27,10,40,Agelaius tricolor,Simple Call,39.6533,40.4853,844,13500,24000,present,https://rfcx-streams-production.s3.eu-west-1.amazonaws.com/2020/05/27/r45nxoutv671/7af30480-439e-2e9c-17cc-65cf0d21f3b5.flac?AWSAccessKeyId=AKIA45B7YWBX7MUJ7QCX&Expires=1777992444&Signature=rL9UvAkQ2pUohddFH%2FlIpdpCYRA%3D,0.22502,6404
1130144983,MRam-2020-05-29_11-40.flac,2020 Markham Ravine,2020,5,29,11,40,Agelaius tricolor,Simple Call,39.2213,40.0533,844,13500,24000,present,https://rfcx-streams-production.s3.eu-west-1.amazonaws.com/2020/05/29/r45nxoutv671/f20e2313-e785-c2f7-0d00-1845fd113efe.flac?AWSAccessKeyId=AKIA45B7YWBX7MUJ7QCX&Expires=1777992444&Signature=58ibuXinFYFlk8x1JH4AIpdXVBA%3D,0.254311,6404
1130144984,MRam-2020-05-29_11-40.flac,2020 Markham Ravine,2020,5,29,11,40,Agelaius tricolor,Simple Call,35.4987,36.3307,844,13500,24000,present,https://rfcx-streams-production.s3.eu-west-1.amazonaws.com/2020/05/29/r45nxoutv671/f20e2313-e785-c2f7-0d00-1845fd113efe.flac?AWSAccessKeyId=AKIA45B7YWBX7MUJ7QCX&Expires=1777992444&Signature=58ibuXinFYFlk8x1JH4AIpdXVBA%3D,0.243162,6404
1130144985,MRam-2020-05-29_11-40.flac,2020 Markham Ravine,2020,5,29,11,40,Agelaius tricolor,Simple Call,37.0613,37.8933,844,13500,24000,present,https://rfcx-streams-production.s3.eu-west-1.amazonaws.com/2020/05/29/r45nxoutv671/f20e2313-e785-c2f7-0d00-1845fd113efe.flac?AWSAccessKeyId=AKIA45B7YWBX7MUJ7QCX&Expires=1777992444&Signature=58ibuXinFYFlk8x1JH4AIpdXVBA%3D,0.243017,6404
1130144986,MRam-2020-05-29_11-40.flac,2020 Markham Ravine,2020,5,29,11,40,Agelaius tricolor,Simple Call,38.7947,39.6267,844,13500,24000,present,https://rfcx-streams-production.s3.eu-west-1.amazonaws.com/2020/05/29/r45nxoutv671/f20e2313-e785-c2f7-0d00-1845fd113efe.flac?AWSAccessKeyId=AKIA45B7YWBX7MUJ7QCX&Expires=1777992444&Signature=58ibuXinFYFlk8x1JH4AIpdXVBA%3D,0.232944,6404
1130144987,MRam-2020-05-29_11-40.flac,2020 Markham Ravine,2020,5,29,11,40,Agelaius tricolor,Simple Call,35.0613,35.8933,844,13500,24000,present,https://rfcx-streams-production.s3.eu-west-1.amazonaws.com/2020/05/29/r45nxoutv671/f20e2313-e785-c2f7-0d00-1845fd113efe.flac?AWSAccessKeyId=AKIA45B7YWBX7MUJ7QCX&Expires=1777992444&Signature=58ibuXinFYFlk8x1JH4AIpdXVBA%3D,0.230119,6404
1130144988,MRam-2020-05-29_11-40.flac,2020 Markham Ravine,2020,5,29,11,40,Agelaius tricolor,Simple Call,51.7013,52.5333,844,13500,24000,(not validated),https://rfcx-streams-production.s3.eu-west-1.amazonaws.com/2020/05/29/r45nxoutv671/f20e2313-e785-c2f7-0d00-1845fd113efe.flac?AWSAccessKeyId=AKIA45B7YWBX7MUJ7QCX&Expires=1777992444&Signature=58ibuXinFYFlk8x1JH4AIpdXVBA%3D,0.211254,6404
1130144989,MRam-2020-05-29_11-40.flac,2020 Markham Ravine,2020,5,29,11,40,Agelaius tricolor,Simple Call,51.2747,52.1067,844,13500,24000,(not validated),https://rfcx-streams-production.s3.eu-west-1.amazonaws.com/2020/05/29/r45nxoutv671/f20e2313-e785-c2f7-0d00-1845fd113efe.flac?AWSAccessKeyId=AKIA45B7YWBX7MUJ7QCX&Expires=1777992444&Signature=58ibuXinFYFlk8x1JH4AIpdXVBA%3D,0.210996,6404
1130144990,MRam-2020-05-29_11-40.flac,2020 Markham Ravine,2020,5,29,11,40,Agelaius tricolor,Simple Call,32.128,32.96,844,13500,24000,present,https://rfcx-streams-production.s3.eu-west-1.amazonaws.com/2020/05/29/r45nxoutv671/f20e2313-e785-c2f7-0d00-1845fd113efe.flac?AWSAccessKeyId=AKIA45B7YWBX7MUJ7QCX&Expires=1777992444&Signature=58ibuXinFYFlk8x1JH4AIpdXVBA%3D,0.2079,6404
1130144991,MRam-2020-05-29_17-40.flac,2020 Markham Ravine,2020,5,29,17,40,Agelaius tricolor,Simple Call,31.4347,32.2667,844,13500,24000,present,https://rfcx-streams-production.s3.eu-west-1.amazonaws.com/2020/05/29/r45nxoutv671/0e958eea-e52a-e46c-dd38-ffc00ba555d1.flac?AWSAccessKeyId=AKIA45B7YWBX7MUJ7QCX&Expires=1777992444&Signature=KwCBplg6hFSEVYsxfFMbe7uUR7E%3D,0.307142,6404
1130144992,MRam-2020-05-29_17-40.flac,2020 Markham Ravine,2020,5,29,17,40,Agelaius tricolor,Simple Call,32.9973,33.8293,844,13500,24000,present,https://rfcx-streams-production.s3.eu-west-1.amazonaws.com/2020/05/29/r45nxoutv671/0e958eea-e52a-e46c-dd38-ffc00ba555d1.flac?AWSAccessKeyId=AKIA45B7YWBX7MUJ7QCX&Expires=1777992444&Signature=KwCBplg6hFSEVYsxfFMbe7uUR7E%3D,0.301007,6404
1130144993,MRam-2020-05-29_17-40.flac,2020 Markham Ravine,2020,5,29,17,40,Agelaius tricolor,Simple Call,18.688,19.52,844,13500,24000,present,https://rfcx-streams-production.s3.eu-west-1.amazonaws.com/2020/05/29/r45nxoutv671/0e958eea-e52a-e46c-dd38-ffc00ba555d1.flac?AWSAccessKeyId=AKIA45B7YWBX7MUJ7QCX&Expires=1777992444&Signature=KwCBplg6hFSEVYsxfFMbe7uUR7E%3D,0.292949,6404
1130144994,MRam-2020-05-29_17-40.flac,2020 Markham Ravine,2020,5,29,17,40,Agelaius tricolor,Simple Call,48.128,48.96,844,13500,24000,present,https://rfcx-streams-production.s3.eu-west-1.amazonaws.com/2020/05/29/r45nxoutv671/0e958eea-e52a-e46c-dd38-ffc00ba555d1.flac?AWSAccessKeyId=AKIA45B7YWBX7MUJ7QCX&Expires=1777992444&Signature=KwCBplg6hFSEVYsxfFMbe7uUR7E%3D,0.290599,6404
1130144995,MRam-2020-05-29_17-40.flac,2020 Markham Ravine,2020,5,29,17,40,Agelaius tricolor,Simple Call,40.1493,40.9813,844,13500,24000,present,https://rfcx-streams-production.s3.eu-west-1.amazonaws.com/2020/05/29/r45nxoutv671/0e958eea-e52a-e46c-dd38-ffc00ba555d1.flac?AWSAccessKeyId=AKIA45B7YWBX7MUJ7QCX&Expires=1777992444&Signature=KwCBplg6hFSEVYsxfFMbe7uUR7E%3D,0.265863,6404
1130144996,MRam-2020-05-29_17-40.flac,2020 Markham Ravine,2020,5,29,17,40,Agelaius tricolor,Simple Call,39.7333,40.5653,844,13500,24000,present,https://rfcx-streams-production.s3.eu-west-1.amazonaws.com/2020/05/29/r45nxoutv671/0e958eea-e52a-e46c-dd38-ffc00ba555d1.flac?AWSAccessKeyId=AKIA45B7YWBX7MUJ7QCX&Expires=1777992444&Signature=KwCBplg6hFSEVYsxfFMbe7uUR7E%3D,0.258945,6404
1130144997,MRam-2020-05-29_17-40.flac,2020 Markham Ravine,2020,5,29,17,40,Agelaius tricolor,Simple Call,53.3493,54.1813,844,13500,24000,present,https://rfcx-streams-production.s3.eu-west-1.amazonaws.com/2020/05/29/r45nxoutv671/0e958eea-e52a-e46c-dd38-ffc00ba555d1.flac?AWSAccessKeyId=AKIA45B7YWBX7MUJ7QCX&Expires=1777992444&Signature=KwCBplg6hFSEVYsxfFMbe7uUR7E%3D,0.257783,6404
1130144998,MRam-2020-05-29_17-40.flac,2020 Markham Ravine,2020,5,29,17,40,Agelaius tricolor,Simple Call,47.7067,48.5387,844,13500,24000,present,https://rfcx-streams-production.s3.eu-west-1.amazonaws.com/2020/05/29/r45nxoutv671/0e958eea-e52a-e46c-dd38-ffc00ba555d1.flac?AWSAccessKeyId=AKIA45B7YWBX7MUJ7QCX&Expires=1777992444&Signature=KwCBplg6hFSEVYsxfFMbe7uUR7E%3D,0.245793,6404
1130144999,MRam-2020-05-29_17-40.flac,2020 Markham Ravine,2020,5,29,17,40,Agelaius tricolor,Simple Call,56.9067,57.7387,844,13500,24000,present,https://rfcx-streams-production.s3.eu-west-1.amazonaws.com/2020/05/29/r45nxoutv671/0e958eea-e52a-e46c-dd38-ffc00ba555d1.flac?AWSAccessKeyId=AKIA45B7YWBX7MUJ7QCX&Expires=1777992444&Signature=KwCBplg6hFSEVYsxfFMbe7uUR7E%3D,0.244065,6404
1130145000,MRam-2020-05-29_17-40.flac,2020 Markham Ravine,2020,5,29,17,40,Agelaius tricolor,Simple Call,33.424,34.256,844,13500,24000,present,https://rfcx-streams-production.s3.eu-west-1.amazonaws.com/2020/05/29/r45nxoutv671/0e958eea-e52a-e46c-dd38-ffc00ba555d1.flac?AWSAccessKeyId=AKIA45B7YWBX7MUJ7QCX&Expires=1777992444&Signature=KwCBplg6hFSEVYsxfFMbe7uUR7E%3D,0.241529,6404
